Área;Año;Sustancia;Casos;Tasa_ajustada
Usaquén;2013;Medicamentos;149;29,12
Chapinero;2013;Medicamentos;86;57,56
Santa Fe;2013;Medicamentos;56;55,08
San Cristóbal;2013;Medicamentos;138;35,93
Usme;2013;Medicamentos;75;21,52
Tunjuelito;2013;Medicamentos;54;31,5
Bosa;2013;Medicamentos;140;21,32
Kennedy;2013;Medicamentos;308;30,91
Fontibón;2013;Medicamentos;165;46,96
Engativá;2013;Medicamentos;241;30,72
Suba;2013;Medicamentos;219;19,87
Barrios Unidos;2013;Medicamentos;67;46,07
Teusaquillo;2013;Medicamentos;66;46,55
Los Mártires;2013;Medicamentos;36;47,54
Antonio Nariño;2013;Medicamentos;43;51,22
Puente Aranda;2013;Medicamentos;82;33,94
Candelaria;2013;Medicamentos;15;84,55
Rafael Uribe Uribe;2013;Medicamentos;105;29
Ciudad Bolívar;2013;Medicamentos;156;26,06
Sumapaz;2013;Medicamentos;0;0
Distrito;2013;Medicamentos;2.201;30,45
Usaquén;2013;Psicoactivas;198;38,7
Chapinero;2013;Psicoactivas;78;52,2
Santa Fe;2013;Psicoactivas;45;44,26
San Cristóbal;2013;Psicoactivas;101;26,3
Usme;2013;Psicoactivas;71;20,37
Tunjuelito;2013;Psicoactivas;30;17,5
Bosa;2013;Psicoactivas;49;7,46
Kennedy;2013;Psicoactivas;108;10,84
Fontibón;2013;Psicoactivas;128;36,43
Engativá;2013;Psicoactivas;139;17,72
Suba;2013;Psicoactivas;291;26,4
Barrios Unidos;2013;Psicoactivas;50;34,38
Teusaquillo;2013;Psicoactivas;42;29,63
Los Mártires;2013;Psicoactivas;34;44,9
Antonio Nariño;2013;Psicoactivas;48;57,17
Puente Aranda;2013;Psicoactivas;50;20,69
Candelaria;2013;Psicoactivas;10;56,36
Rafael Uribe Uribe;2013;Psicoactivas;88;24,3
Ciudad Bolívar;2013;Psicoactivas;78;13,03
Sumapaz;2013;Psicoactivas;4;117,65
Distrito;2013;Psicoactivas;1.642;22,72
Usaquén;2013;Otras sustancias químicas;63;12,31
Chapinero;2013;Otras sustancias químicas;27;18,07
Santa Fe;2013;Otras sustancias químicas;15;14,75
San Cristóbal;2013;Otras sustancias químicas;52;13,54
Usme;2013;Otras sustancias químicas;49;14,06
Tunjuelito;2013;Otras sustancias químicas;22;12,83
Bosa;2013;Otras sustancias químicas;53;8,07
Kennedy;2013;Otras sustancias químicas;92;9,23
Fontibón;2013;Otras sustancias químicas;58;16,51
Engativá;2013;Otras sustancias químicas;73;9,3
Suba;2013;Otras sustancias químicas;116;10,52
Barrios Unidos;2013;Otras sustancias químicas;32;22
Teusaquillo;2013;Otras sustancias químicas;29;20,46
Los Mártires;2013;Otras sustancias químicas;26;34,33
Antonio Nariño;2013;Otras sustancias químicas;12;14,29
Puente Aranda;2013;Otras sustancias químicas;35;14,48
Candelaria;2013;Otras sustancias químicas;6;33,82
Rafael Uribe Uribe;2013;Otras sustancias químicas;43;11,87
Ciudad Bolívar;2013;Otras sustancias químicas;76;12,7
Sumapaz;2013;Otras sustancias químicas;0;0
Distrito;2013;Otras sustancias químicas;879;12,16
Usaquén;2013;Plaguicidas;10;1,95
Chapinero;2013;Plaguicidas;3;2,01
Santa Fe;2013;Plaguicidas;10;9,84
San Cristóbal;2013;Plaguicidas;35;9,11
Usme;2013;Plaguicidas;53;15,21
Tunjuelito;2013;Plaguicidas;17;9,92
Bosa;2013;Plaguicidas;45;6,85
Kennedy;2013;Plaguicidas;48;4,82
Fontibón;2013;Plaguicidas;21;5,98
Engativá;2013;Plaguicidas;28;3,57
Suba;2013;Plaguicidas;37;3,36
Barrios Unidos;2013;Plaguicidas;8;5,5
Teusaquillo;2013;Plaguicidas;1;0,71
Los Mártires;2013;Plaguicidas;5;6,6
Antonio Nariño;2013;Plaguicidas;6;7,15
Puente Aranda;2013;Plaguicidas;6;2,48
Candelaria;2013;Plaguicidas;2;11,27
Rafael Uribe Uribe;2013;Plaguicidas;31;8,56
Ciudad Bolívar;2013;Plaguicidas;93;15,54
Sumapaz;2013;Plaguicidas;2;58,82
Distrito;2013;Plaguicidas;461;6,38
Usaquén;2013;Solventes;7;1,37
Chapinero;2013;Solventes;6;4,02
Santa Fe;2013;Solventes;3;2,95
San Cristóbal;2013;Solventes;3;0,78
Usme;2013;Solventes;7;2,01
Tunjuelito;2013;Solventes;7;4,08
Bosa;2013;Solventes;7;1,07
Kennedy;2013;Solventes;13;1,3
Fontibón;2013;Solventes;7;1,99
Engativá;2013;Solventes;14;1,78
Suba;2013;Solventes;26;2,36
Barrios Unidos;2013;Solventes;7;4,81
Teusaquillo;2013;Solventes;8;5,64
Los Mártires;2013;Solventes;1;1,32
Antonio Nariño;2013;Solventes;4;4,76
Puente Aranda;2013;Solventes;7;2,9
Candelaria;2013;Solventes;1;5,64
Rafael Uribe Uribe;2013;Solventes;13;3,59
Ciudad Bolívar;2013;Solventes;21;3,51
Sumapaz;2013;Solventes;0;0
Distrito;2013;Solventes;162;2,24
Usaquén;2013;Metales pesados;2;0,39
Chapinero;2013;Metales pesados;0;0
Santa Fe;2013;Metales pesados;2;1,97
San Cristóbal;2013;Metales pesados;3;0,78
Usme;2013;Metales pesados;1;0,29
Tunjuelito;2013;Metales pesados;3;1,75
Bosa;2013;Metales pesados;4;0,61
Kennedy;2013;Metales pesados;5;0,5
Fontibón;2013;Metales pesados;3;0,85
Engativá;2013;Metales pesados;0;0
Suba;2013;Metales pesados;3;0,27
Barrios Unidos;2013;Metales pesados;0;0
Teusaquillo;2013;Metales pesados;0;0
Los Mártires;2013;Metales pesados;0;0
Antonio Nariño;2013;Metales pesados;0;0
Puente Aranda;2013;Metales pesados;3;1,24
Candelaria;2013;Metales pesados;0;0
Rafael Uribe Uribe;2013;Metales pesados;1;0,28
Ciudad Bolívar;2013;Metales pesados;1;0,17
Sumapaz;2013;Metales pesados;0;0
Distrito;2013;Metales pesados;31;0,43
Usaquén;2013;Gases;21;4,1
Chapinero;2013;Gases;8;5,35
Santa Fe;2013;Gases;7;6,89
San Cristóbal;2013;Gases;8;2,08
Usme;2013;Gases;7;2,01
Tunjuelito;2013;Gases;5;2,92
Bosa;2013;Gases;15;2,28
Kennedy;2013;Gases;25;2,51
Fontibón;2013;Gases;17;4,84
Engativá;2013;Gases;21;2,68
Suba;2013;Gases;59;5,35
Barrios Unidos;2013;Gases;5;3,44
Teusaquillo;2013;Gases;4;2,82
Los Mártires;2013;Gases;6;7,92
Antonio Nariño;2013;Gases;1;1,19
Puente Aranda;2013;Gases;75;31,04
Candelaria;2013;Gases;0;0
Rafael Uribe Uribe;2013;Gases;6;1,66
Ciudad Bolívar;2013;Gases;10;1,67
Sumapaz;2013;Gases;0;0
Distrito;2013;Gases;300;4,15
Usaquén;2013;Metanol;1;0,2
Chapinero;2013;Metanol;0;0
Santa Fe;2013;Metanol;0;0
San Cristóbal;2013;Metanol;0;0
Usme;2013;Metanol;1;0,29
Tunjuelito;2013;Metanol;0;0
Bosa;2013;Metanol;0;0
Kennedy;2013;Metanol;0;0
Fontibón;2013;Metanol;1;0,28
Engativá;2013;Metanol;0;0
Suba;2013;Metanol;0;0
Barrios Unidos;2013;Metanol;0;0
Teusaquillo;2013;Metanol;0;0
Los Mártires;2013;Metanol;0;0
Antonio Nariño;2013;Metanol;0;0
Puente Aranda;2013;Metanol;1;0,41
Candelaria;2013;Metanol;0;0
Rafael Uribe Uribe;2013;Metanol;1;0,28
Ciudad Bolívar;2013;Metanol;1;0,17
Sumapaz;2013;Metanol;0;0
Distrito;2013;Metanol;6;0,08
Usaquén;2013;Todas las sustancias;450;87,95
Chapinero;2013;Todas las sustancias;208;139,21
Santa Fe;2013;Todas las sustancias;139;136,72
San Cristóbal;2013;Todas las sustancias;339;88,26
Usme;2013;Todas las sustancias;265;76,04
Tunjuelito;2013;Todas las sustancias;137;79,92
Bosa;2013;Todas las sustancias;313;47,66
Kennedy;2013;Todas las sustancias;597;59,92
Fontibón;2013;Todas las sustancias;402;114,42
Engativá;2013;Todas las sustancias;516;65,77
Suba;2013;Todas las sustancias;751;68,13
Barrios Unidos;2013;Todas las sustancias;169;116,2
Teusaquillo;2013;Todas las sustancias;150;105,8
Los Mártires;2013;Todas las sustancias;108;142,62
Antonio Nariño;2013;Todas las sustancias;114;135,79
Puente Aranda;2013;Todas las sustancias;257;106,36
Candelaria;2013;Todas las sustancias;35;197,27
Rafael Uribe Uribe;2013;Todas las sustancias;290;80,08
Ciudad Bolívar;2013;Todas las sustancias;438;73,18
Sumapaz;2013;Todas las sustancias;6;176,47
Distrito;2013;Todas las sustancias;5.684;78,63
Usaquén;2014;Medicamentos;176;34,08
Chapinero;2014;Medicamentos;73;48,4
Santa Fe;2014;Medicamentos;43;42,19
San Cristóbal;2014;Medicamentos;116;30,28
Usme;2014;Medicamentos;102;29,04
Tunjuelito;2014;Medicamentos;55;32,19
Bosa;2014;Medicamentos;152;22,86
Kennedy;2014;Medicamentos;317;31,73
Fontibón;2014;Medicamentos;170;48,01
Engativá;2014;Medicamentos;287;36,61
Suba;2014;Medicamentos;289;25,99
Barrios Unidos;2014;Medicamentos;69;48,76
Teusaquillo;2014;Medicamentos;75;52,8
Los Mártires;2014;Medicamentos;51;68,2
Antonio Nariño;2014;Medicamentos;45;54,65
Puente Aranda;2014;Medicamentos;74;30,69
Candelaria;2014;Medicamentos;7;40,01
Rafael Uribe Uribe;2014;Medicamentos;114;31,54
Ciudad Bolívar;2014;Medicamentos;167;27,82
Sumapaz;2014;Medicamentos;1;30,32
Distrito;2014;Medicamentos;2.383;32,86
Usaquén;2014;Psicoactivas;238;46,08
Chapinero;2014;Psicoactivas;61;40,45
Santa Fe;2014;Psicoactivas;37;36,3
San Cristóbal;2014;Psicoactivas;90;23,49
Usme;2014;Psicoactivas;82;23,35
Tunjuelito;2014;Psicoactivas;28;16,39
Bosa;2014;Psicoactivas;67;10,08
Kennedy;2014;Psicoactivas;128;12,81
Fontibón;2014;Psicoactivas;136;38,41
Engativá;2014;Psicoactivas;193;24,62
Suba;2014;Psicoactivas;338;30,39
Barrios Unidos;2014;Psicoactivas;65;45,93
Teusaquillo;2014;Psicoactivas;66;46,47
Los Mártires;2014;Psicoactivas;25;33,43
Antonio Nariño;2014;Psicoactivas;25;30,36
Puente Aranda;2014;Psicoactivas;30;12,44
Candelaria;2014;Psicoactivas;9;51,45
Rafael Uribe Uribe;2014;Psicoactivas;84;23,24
Ciudad Bolívar;2014;Psicoactivas;99;16,49
Sumapaz;2014;Psicoactivas;0;0
Distrito;2014;Psicoactivas;1.801;24,83
Usaquén;2014;Otras sustancias químicas;69;13,36
Chapinero;2014;Otras sustancias químicas;22;14,59
Santa Fe;2014;Otras sustancias químicas;6;5,89
San Cristóbal;2014;Otras sustancias químicas;38;9,92
Usme;2014;Otras sustancias químicas;59;16,8
Tunjuelito;2014;Otras sustancias químicas;27;15,8
Bosa;2014;Otras sustancias químicas;50;7,52
Kennedy;2014;Otras sustancias químicas;96;9,61
Fontibón;2014;Otras sustancias químicas;47;13,27
Engativá;2014;Otras sustancias químicas;68;8,67
Suba;2014;Otras sustancias químicas;88;7,91
Barrios Unidos;2014;Otras sustancias químicas;22;15,55
Teusaquillo;2014;Otras sustancias químicas;16;11,26
Los Mártires;2014;Otras sustancias químicas;18;24,07
Antonio Nariño;2014;Otras sustancias químicas;11;13,36
Puente Aranda;2014;Otras sustancias químicas;48;19,91
Candelaria;2014;Otras sustancias químicas;4;22,86
Rafael Uribe Uribe;2014;Otras sustancias químicas;39;10,79
Ciudad Bolívar;2014;Otras sustancias químicas;59;9,83
Sumapaz;2014;Otras sustancias químicas;1;30,32
Distrito;2014;Otras sustancias químicas;788;10,86
Usaquén;2014;Plaguicidas;14;2,71
Chapinero;2014;Plaguicidas;10;6,63
Santa Fe;2014;Plaguicidas;87;85,36
San Cristóbal;2014;Plaguicidas;26;6,79
Usme;2014;Plaguicidas;56;15,94
Tunjuelito;2014;Plaguicidas;14;8,19
Bosa;2014;Plaguicidas;51;7,67
Kennedy;2014;Plaguicidas;62;6,21
Fontibón;2014;Plaguicidas;14;3,95
Engativá;2014;Plaguicidas;39;4,97
Suba;2014;Plaguicidas;42;3,78
Barrios Unidos;2014;Plaguicidas;14;9,89
Teusaquillo;2014;Plaguicidas;10;7,04
Los Mártires;2014;Plaguicidas;6;8,02
Antonio Nariño;2014;Plaguicidas;15;18,22
Puente Aranda;2014;Plaguicidas;23;9,54
Candelaria;2014;Plaguicidas;2;11,43
Rafael Uribe Uribe;2014;Plaguicidas;28;7,75
Ciudad Bolívar;2014;Plaguicidas;89;14,83
Sumapaz;2014;Plaguicidas;0;0
Distrito;2014;Plaguicidas;602;8,3
Usaquén;2014;Solventes;7;1,36
Chapinero;2014;Solventes;3;1,99
Santa Fe;2014;Solventes;3;2,94
San Cristóbal;2014;Solventes;5;1,31
Usme;2014;Solventes;10;2,85
Tunjuelito;2014;Solventes;1;0,59
Bosa;2014;Solventes;14;2,11
Kennedy;2014;Solventes;16;1,6
Fontibón;2014;Solventes;4;1,13
Engativá;2014;Solventes;17;2,17
Suba;2014;Solventes;17;1,53
Barrios Unidos;2014;Solventes;3;2,12
Teusaquillo;2014;Solventes;2;1,41
Los Mártires;2014;Solventes;5;6,69
Antonio Nariño;2014;Solventes;1;1,21
Puente Aranda;2014;Solventes;6;2,49
Candelaria;2014;Solventes;2;11,43
Rafael Uribe Uribe;2014;Solventes;8;2,21
Ciudad Bolívar;2014;Solventes;14;2,33
Sumapaz;2014;Solventes;0;0
Distrito;2014;Solventes;138;1,9
Usaquén;2014;Metales pesados;1;0,19
Chapinero;2014;Metales pesados;0;0
Santa Fe;2014;Metales pesados;0;0
San Cristóbal;2014;Metales pesados;1;0,26
Usme;2014;Metales pesados;0;0
Tunjuelito;2014;Metales pesados;0;0
Bosa;2014;Metales pesados;3;0,45
Kennedy;2014;Metales pesados;4;0,4
Fontibón;2014;Metales pesados;2;0,56
Engativá;2014;Metales pesados;4;0,51
Suba;2014;Metales pesados;5;0,45
Barrios Unidos;2014;Metales pesados;1;0,71
Teusaquillo;2014;Metales pesados;0;0
Los Mártires;2014;Metales pesados;0;0
Antonio Nariño;2014;Metales pesados;1;1,21
Puente Aranda;2014;Metales pesados;3;1,24
Candelaria;2014;Metales pesados;0;0
Rafael Uribe Uribe;2014;Metales pesados;0;0
Ciudad Bolívar;2014;Metales pesados;0;0
Sumapaz;2014;Metales pesados;0;0
Distrito;2014;Metales pesados;25;0,34
Usaquén;2014;Gases;15;2,9
Chapinero;2014;Gases;8;5,3
Santa Fe;2014;Gases;7;6,87
San Cristóbal;2014;Gases;52;13,57
Usme;2014;Gases;15;4,27
Tunjuelito;2014;Gases;3;1,76
Bosa;2014;Gases;9;1,35
Kennedy;2014;Gases;19;1,9
Fontibón;2014;Gases;11;3,11
Engativá;2014;Gases;24;3,06
Suba;2014;Gases;21;1,89
Barrios Unidos;2014;Gases;4;2,83
Teusaquillo;2014;Gases;7;4,93
Los Mártires;2014;Gases;5;6,69
Antonio Nariño;2014;Gases;1;1,21
Puente Aranda;2014;Gases;14;5,81
Candelaria;2014;Gases;1;5,72
Rafael Uribe Uribe;2014;Gases;5;1,38
Ciudad Bolívar;2014;Gases;13;2,17
Sumapaz;2014;Gases;0;0
Distrito;2014;Gases;234;3,23
Usaquén;2014;Metanol;6;1,16
Chapinero;2014;Metanol;0;0
Santa Fe;2014;Metanol;0;0
San Cristóbal;2014;Metanol;37;9,66
Usme;2014;Metanol;5;1,42
Tunjuelito;2014;Metanol;0;0
Bosa;2014;Metanol;1;0,15
Kennedy;2014;Metanol;0;0
Fontibón;2014;Metanol;0;0
Engativá;2014;Metanol;0;0
Suba;2014;Metanol;1;0,09
Barrios Unidos;2014;Metanol;2;1,41
Teusaquillo;2014;Metanol;0;0
Los Mártires;2014;Metanol;0;0
Antonio Nariño;2014;Metanol;0;0
Puente Aranda;2014;Metanol;0;0
Candelaria;2014;Metanol;0;0
Rafael Uribe Uribe;2014;Metanol;0;0
Ciudad Bolívar;2014;Metanol;4;0,67
Sumapaz;2014;Metanol;0;0
Distrito;2014;Metanol;56;0,77
Usaquén;2014;Todas las sustancias;526;101,84
Chapinero;2014;Todas las sustancias;445;295,06
Santa Fe;2014;Todas las sustancias;183;179,54
San Cristóbal;2014;Todas las sustancias;365;95,28
Usme;2014;Todas las sustancias;329;93,67
Tunjuelito;2014;Todas las sustancias;128;74,91
Bosa;2014;Todas las sustancias;347;52,2
Kennedy;2014;Todas las sustancias;25;2,5
Fontibón;2014;Todas las sustancias;642;181,31
Engativá;2014;Todas las sustancias;384;48,98
Suba;2014;Todas las sustancias;802;72,11
Barrios Unidos;2014;Todas las sustancias;180;127,2
Teusaquillo;2014;Todas las sustancias;175;123,21
Los Mártires;2014;Todas las sustancias;110;147,09
Antonio Nariño;2014;Todas las sustancias;99;120,22
Puente Aranda;2014;Todas las sustancias;198;82,11
Candelaria;2014;Todas las sustancias;177;1011,78
Rafael Uribe Uribe;2014;Todas las sustancias;278;76,91
Ciudad Bolívar;2014;Todas las sustancias;632;105,29
Sumapaz;2014;Todas las sustancias;2;60,64
Distrito;2014;Todas las sustancias;6.027;83,1
Usaquén;2015;Medicamentos;140;26,9
Chapinero;2015;Medicamentos;70;46,05
Santa Fe;2015;Medicamentos;35;34,26
San Cristóbal;2015;Medicamentos;96;25,11
Usme;2015;Medicamentos;92;26,02
Tunjuelito;2015;Medicamentos;54;31,69
Bosa;2015;Medicamentos;206;30,68
Kennedy;2015;Medicamentos;381;38,04
Fontibón;2015;Medicamentos;178;49,95
Engativá;2015;Medicamentos;261;33,31
Suba;2015;Medicamentos;297;26,51
Barrios Unidos;2015;Medicamentos;55;39,78
Teusaquillo;2015;Medicamentos;58;40,77
Los Mártires;2015;Medicamentos;52;70,28
Antonio Nariño;2015;Medicamentos;48;59,25
Puente Aranda;2015;Medicamentos;87;36,15
Candelaria;2015;Medicamentos;13;75,19
Rafael Uribe Uribe;2015;Medicamentos;110;30,48
Ciudad Bolívar;2015;Medicamentos;192;31,91
Sumapaz;2015;Medicamentos;1;31,02
Distrito;2015;Medicamentos;2.426;33,36
Usaquén;2015;Psicoactivas;215;41,31
Chapinero;2015;Psicoactivas;54;35,53
Santa Fe;2015;Psicoactivas;38;37,2
San Cristóbal;2015;Psicoactivas;81;21,19
Usme;2015;Psicoactivas;53;14,99
Tunjuelito;2015;Psicoactivas;19;11,15
Bosa;2015;Psicoactivas;79;11,77
Kennedy;2015;Psicoactivas;126;12,58
Fontibón;2015;Psicoactivas;86;24,13
Engativá;2015;Psicoactivas;210;26,81
Suba;2015;Psicoactivas;323;28,83
Barrios Unidos;2015;Psicoactivas;50;36,17
Teusaquillo;2015;Psicoactivas;68;47,8
Los Mártires;2015;Psicoactivas;42;56,77
Antonio Nariño;2015;Psicoactivas;36;44,44
Puente Aranda;2015;Psicoactivas;38;15,79
Candelaria;2015;Psicoactivas;11;63,62
Rafael Uribe Uribe;2015;Psicoactivas;46;12,75
Ciudad Bolívar;2015;Psicoactivas;74;12,3
Sumapaz;2015;Psicoactivas;0;0
Distrito;2015;Psicoactivas;1.649;22,67
Usaquén;2015;Otras sustancias químicas;33;6,34
Chapinero;2015;Otras sustancias químicas;15;9,87
Santa Fe;2015;Otras sustancias químicas;16;15,66
San Cristóbal;2015;Otras sustancias químicas;42;10,99
Usme;2015;Otras sustancias químicas;34;9,62
Tunjuelito;2015;Otras sustancias químicas;32;18,78
Bosa;2015;Otras sustancias químicas;53;7,89
Kennedy;2015;Otras sustancias químicas;74;7,39
Fontibón;2015;Otras sustancias químicas;52;14,59
Engativá;2015;Otras sustancias químicas;68;8,68
Suba;2015;Otras sustancias químicas;73;6,52
Barrios Unidos;2015;Otras sustancias químicas;16;11,57
Teusaquillo;2015;Otras sustancias químicas;14;9,84
Los Mártires;2015;Otras sustancias químicas;25;33,79
Antonio Nariño;2015;Otras sustancias químicas;14;17,28
Puente Aranda;2015;Otras sustancias químicas;20;8,31
Candelaria;2015;Otras sustancias químicas;2;11,57
Rafael Uribe Uribe;2015;Otras sustancias químicas;37;10,25
Ciudad Bolívar;2015;Otras sustancias químicas;59;9,81
Sumapaz;2015;Otras sustancias químicas;1;31,02
Distrito;2015;Otras sustancias químicas;680;9,35
Usaquén;2015;Plaguicidas;7;1,34
Chapinero;2015;Plaguicidas;8;5,26
Santa Fe;2015;Plaguicidas;10;9,79
San Cristóbal;2015;Plaguicidas;26;6,8
Usme;2015;Plaguicidas;55;15,56
Tunjuelito;2015;Plaguicidas;8;4,7
Bosa;2015;Plaguicidas;66;9,83
Kennedy;2015;Plaguicidas;67;6,69
Fontibón;2015;Plaguicidas;24;6,73
Engativá;2015;Plaguicidas;41;5,23
Suba;2015;Plaguicidas;37;3,3
Barrios Unidos;2015;Plaguicidas;6;4,34
Teusaquillo;2015;Plaguicidas;5;3,52
Los Mártires;2015;Plaguicidas;6;8,11
Antonio Nariño;2015;Plaguicidas;10;12,34
Puente Aranda;2015;Plaguicidas;13;5,4
Candelaria;2015;Plaguicidas;1;5,78
Rafael Uribe Uribe;2015;Plaguicidas;30;8,31
Ciudad Bolívar;2015;Plaguicidas;61;10,14
Sumapaz;2015;Plaguicidas;3;93,05
Distrito;2015;Plaguicidas;484;6,65
Usaquén;2015;Solventes;2;0,38
Chapinero;2015;Solventes;5;3,29
Santa Fe;2015;Solventes;1;0,98
San Cristóbal;2015;Solventes;14;3,66
Usme;2015;Solventes;8;2,26
Tunjuelito;2015;Solventes;6;3,52
Bosa;2015;Solventes;18;2,68
Kennedy;2015;Solventes;22;2,2
Fontibón;2015;Solventes;9;2,53
Engativá;2015;Solventes;19;2,43
Suba;2015;Solventes;11;0,98
Barrios Unidos;2015;Solventes;2;1,45
Teusaquillo;2015;Solventes;3;2,11
Los Mártires;2015;Solventes;0;0
Antonio Nariño;2015;Solventes;3;3,7
Puente Aranda;2015;Solventes;7;2,91
Candelaria;2015;Solventes;1;5,78
Rafael Uribe Uribe;2015;Solventes;5;1,39
Ciudad Bolívar;2015;Solventes;14;2,33
Sumapaz;2015;Solventes;0;0
Distrito;2015;Solventes;150;2,06
Usaquén;2015;Metales pesados;1;0,19
Chapinero;2015;Metales pesados;0;0
Santa Fe;2015;Metales pesados;0;0
San Cristóbal;2015;Metales pesados;1;0,26
Usme;2015;Metales pesados;0;0
Tunjuelito;2015;Metales pesados;0;0
Bosa;2015;Metales pesados;4;0,6
Kennedy;2015;Metales pesados;3;0,3
Fontibón;2015;Metales pesados;5;1,4
Engativá;2015;Metales pesados;7;0,89
Suba;2015;Metales pesados;5;0,45
Barrios Unidos;2015;Metales pesados;2;1,45
Teusaquillo;2015;Metales pesados;2;1,41
Los Mártires;2015;Metales pesados;2;2,7
Antonio Nariño;2015;Metales pesados;2;2,47
Puente Aranda;2015;Metales pesados;0;0
Candelaria;2015;Metales pesados;0;0
Rafael Uribe Uribe;2015;Metales pesados;1;0,28
Ciudad Bolívar;2015;Metales pesados;1;0,17
Sumapaz;2015;Metales pesados;0;0
Distrito;2015;Metales pesados;36;0,49
Usaquén;2015;Gases;13;2,5
Chapinero;2015;Gases;15;9,87
Santa Fe;2015;Gases;9;8,81
San Cristóbal;2015;Gases;10;2,62
Usme;2015;Gases;7;1,98
Tunjuelito;2015;Gases;1;0,59
Bosa;2015;Gases;10;1,49
Kennedy;2015;Gases;22;2,2
Fontibón;2015;Gases;12;3,37
Engativá;2015;Gases;19;2,43
Suba;2015;Gases;48;4,28
Barrios Unidos;2015;Gases;7;5,06
Teusaquillo;2015;Gases;3;2,11
Los Mártires;2015;Gases;20;27,03
Antonio Nariño;2015;Gases;3;3,7
Puente Aranda;2015;Gases;10;4,15
Candelaria;2015;Gases;1;5,78
Rafael Uribe Uribe;2015;Gases;5;1,39
Ciudad Bolívar;2015;Gases;11;1,83
Sumapaz;2015;Gases;0;0
Distrito;2015;Gases;226;3,11
Usaquén;2015;Metanol;2;0,38
Chapinero;2015;Metanol;2;1,32
Santa Fe;2015;Metanol;1;0,98
San Cristóbal;2015;Metanol;0;0
Usme;2015;Metanol;0;0
Tunjuelito;2015;Metanol;0;0
Bosa;2015;Metanol;0;0
Kennedy;2015;Metanol;6;0,6
Fontibón;2015;Metanol;1;0,28
Engativá;2015;Metanol;6;0,77
Suba;2015;Metanol;4;0,36
Barrios Unidos;2015;Metanol;0;0
Teusaquillo;2015;Metanol;1;0,7
Los Mártires;2015;Metanol;0;0
Antonio Nariño;2015;Metanol;0;0
Puente Aranda;2015;Metanol;0;0
Candelaria;2015;Metanol;0;0
Rafael Uribe Uribe;2015;Metanol;2;0,55
Ciudad Bolívar;2015;Metanol;1;0,17
Sumapaz;2015;Metanol;0;0
Distrito;2015;Metanol;28;0,38
Usaquén;2015;Todas las sustancias;414;79,54
Chapinero;2015;Todas las sustancias;413;271,72
Santa Fe;2015;Todas las sustancias;110;107,68
San Cristóbal;2015;Todas las sustancias;271;70,9
Usme;2015;Todas las sustancias;249;70,43
Tunjuelito;2015;Todas las sustancias;121;71,01
Bosa;2015;Todas las sustancias;440;65,53
Kennedy;2015;Todas las sustancias;30;3
Fontibón;2015;Todas las sustancias;705;197,82
Engativá;2015;Todas las sustancias;367;46,85
Suba;2015;Todas las sustancias;808;72,12
Barrios Unidos;2015;Todas las sustancias;138;99,82
Teusaquillo;2015;Todas las sustancias;154;108,26
Los Mártires;2015;Todas las sustancias;148;200,04
Antonio Nariño;2015;Todas las sustancias;117;144,42
Puente Aranda;2015;Todas las sustancias;177;73,54
Candelaria;2015;Todas las sustancias;169;977,44
Rafael Uribe Uribe;2015;Todas las sustancias;238;65,94
Ciudad Bolívar;2015;Todas las sustancias;642;106,69
Sumapaz;2015;Todas las sustancias;5;155,09
Distrito;2015;Todas las sustancias;5.716;78,59
Usaquén;2016;Medicamentos;159;30,31
Chapinero;2016;Medicamentos;53;34,59
Santa Fe;2016;Medicamentos;35;34,15
San Cristóbal;2016;Medicamentos;77;20,15
Usme;2016;Medicamentos;82;23,03
Tunjuelito;2016;Medicamentos;32;18,8
Bosa;2016;Medicamentos;121;17,85
Kennedy;2016;Medicamentos;273;27,16
Fontibón;2016;Medicamentos;157;43,76
Engativá;2016;Medicamentos;251;32,01
Suba;2016;Medicamentos;253;22,41
Barrios Unidos;2016;Medicamentos;46;33,89
Teusaquillo;2016;Medicamentos;56;39,26
Los Mártires;2016;Medicamentos;39;53,1
Antonio Nariño;2016;Medicamentos;34;42,49
Puente Aranda;2016;Medicamentos;76;31,58
Candelaria;2016;Medicamentos;7;40,84
Rafael Uribe Uribe;2016;Medicamentos;84;23,27
Ciudad Bolívar;2016;Medicamentos;118;19,54
Sumapaz;2016;Medicamentos;0;0
Distrito;2016;Medicamentos;1.953;26,75
Usaquén;2016;Psicoactivas;131;24,97
Chapinero;2016;Psicoactivas;44;28,72
Santa Fe;2016;Psicoactivas;23;22,44
San Cristóbal;2016;Psicoactivas;52;13,61
Usme;2016;Psicoactivas;46;12,92
Tunjuelito;2016;Psicoactivas;27;15,86
Bosa;2016;Psicoactivas;82;12,1
Kennedy;2016;Psicoactivas;161;16,02
Fontibón;2016;Psicoactivas;85;23,69
Engativá;2016;Psicoactivas;191;24,36
Suba;2016;Psicoactivas;218;19,31
Barrios Unidos;2016;Psicoactivas;46;33,89
Teusaquillo;2016;Psicoactivas;93;65,2
Los Mártires;2016;Psicoactivas;26;35,4
Antonio Nariño;2016;Psicoactivas;22;27,5
Puente Aranda;2016;Psicoactivas;41;17,04
Candelaria;2016;Psicoactivas;6;35
Rafael Uribe Uribe;2016;Psicoactivas;34;9,42
Ciudad Bolívar;2016;Psicoactivas;63;10,43
Sumapaz;2016;Psicoactivas;0;0
Distrito;2016;Psicoactivas;1.391;19,05
Usaquén;2016;Otras sustancias químicas;54;10,29
Chapinero;2016;Otras sustancias químicas;22;14,36
Santa Fe;2016;Otras sustancias químicas;14;13,66
San Cristóbal;2016;Otras sustancias químicas;45;11,78
Usme;2016;Otras sustancias químicas;36;10,11
Tunjuelito;2016;Otras sustancias químicas;23;13,51
Bosa;2016;Otras sustancias químicas;39;5,75
Kennedy;2016;Otras sustancias químicas;90;8,96
Fontibón;2016;Otras sustancias químicas;49;13,66
Engativá;2016;Otras sustancias químicas;87;11,1
Suba;2016;Otras sustancias químicas;105;9,3
Barrios Unidos;2016;Otras sustancias químicas;12;8,84
Teusaquillo;2016;Otras sustancias químicas;20;14,02
Los Mártires;2016;Otras sustancias químicas;9;12,25
Antonio Nariño;2016;Otras sustancias químicas;14;17,5
Puente Aranda;2016;Otras sustancias químicas;21;8,73
Candelaria;2016;Otras sustancias químicas;6;35
Rafael Uribe Uribe;2016;Otras sustancias químicas;34;9,42
Ciudad Bolívar;2016;Otras sustancias químicas;49;8,11
Sumapaz;2016;Otras sustancias químicas;0;0
Distrito;2016;Otras sustancias químicas;729;9,99
Usaquén;2016;Plaguicidas;13;2,48
Chapinero;2016;Plaguicidas;9;5,87
Santa Fe;2016;Plaguicidas;7;6,83
San Cristóbal;2016;Plaguicidas;23;6,02
Usme;2016;Plaguicidas;31;8,71
Tunjuelito;2016;Plaguicidas;4;2,35
Bosa;2016;Plaguicidas;55;8,11
Kennedy;2016;Plaguicidas;54;5,37
Fontibón;2016;Plaguicidas;33;9,2
Engativá;2016;Plaguicidas;48;6,12
Suba;2016;Plaguicidas;44;3,9
Barrios Unidos;2016;Plaguicidas;7;5,16
Teusaquillo;2016;Plaguicidas;7;4,91
Los Mártires;2016;Plaguicidas;6;8,17
Antonio Nariño;2016;Plaguicidas;7;8,75
Puente Aranda;2016;Plaguicidas;13;5,4
Candelaria;2016;Plaguicidas;1;5,83
Rafael Uribe Uribe;2016;Plaguicidas;18;4,99
Ciudad Bolívar;2016;Plaguicidas;41;6,79
Sumapaz;2016;Plaguicidas;2;63,17
Distrito;2016;Plaguicidas;423;5,79
Usaquén;2016;Solventes;9;1,72
Chapinero;2016;Solventes;5;3,26
Santa Fe;2016;Solventes;5;4,88
San Cristóbal;2016;Solventes;5;1,31
Usme;2016;Solventes;6;1,69
Tunjuelito;2016;Solventes;1;0,59
Bosa;2016;Solventes;20;2,95
Kennedy;2016;Solventes;26;2,59
Fontibón;2016;Solventes;35;9,75
Engativá;2016;Solventes;19;2,42
Suba;2016;Solventes;9;0,8
Barrios Unidos;2016;Solventes;6;4,42
Teusaquillo;2016;Solventes;5;3,51
Los Mártires;2016;Solventes;2;2,72
Antonio Nariño;2016;Solventes;2;2,5
Puente Aranda;2016;Solventes;10;4,16
Candelaria;2016;Solventes;0;0
Rafael Uribe Uribe;2016;Solventes;8;2,22
Ciudad Bolívar;2016;Solventes;13;2,15
Sumapaz;2016;Solventes;0;0
Distrito;2016;Solventes;186;2,55
Usaquén;2016;Metales pesados;1;0,19
Chapinero;2016;Metales pesados;0;0
Santa Fe;2016;Metales pesados;0;0
San Cristóbal;2016;Metales pesados;2;0,52
Usme;2016;Metales pesados;0;0
Tunjuelito;2016;Metales pesados;2;1,17
Bosa;2016;Metales pesados;5;0,74
Kennedy;2016;Metales pesados;1;0,1
Fontibón;2016;Metales pesados;2;0,56
Engativá;2016;Metales pesados;2;0,26
Suba;2016;Metales pesados;4;0,35
Barrios Unidos;2016;Metales pesados;5;3,68
Teusaquillo;2016;Metales pesados;0;0
Los Mártires;2016;Metales pesados;0;0
Antonio Nariño;2016;Metales pesados;1;1,25
Puente Aranda;2016;Metales pesados;0;0
Candelaria;2016;Metales pesados;0;0
Rafael Uribe Uribe;2016;Metales pesados;0;0
Ciudad Bolívar;2016;Metales pesados;1;0,17
Sumapaz;2016;Metales pesados;0;0
Distrito;2016;Metales pesados;26;0,36
Usaquén;2016;Gases;21;4
Chapinero;2016;Gases;8;5,22
Santa Fe;2016;Gases;33;32,2
San Cristóbal;2016;Gases;6;1,57
Usme;2016;Gases;8;2,25
Tunjuelito;2016;Gases;2;1,17
Bosa;2016;Gases;15;2,21
Kennedy;2016;Gases;21;2,09
Fontibón;2016;Gases;16;4,46
Engativá;2016;Gases;26;3,32
Suba;2016;Gases;50;4,43
Barrios Unidos;2016;Gases;2;1,47
Teusaquillo;2016;Gases;3;2,1
Los Mártires;2016;Gases;1;1,36
Antonio Nariño;2016;Gases;4;5
Puente Aranda;2016;Gases;5;2,08
Candelaria;2016;Gases;1;5,83
Rafael Uribe Uribe;2016;Gases;2;0,55
Ciudad Bolívar;2016;Gases;4;0,66
Sumapaz;2016;Gases;0;0
Distrito;2016;Gases;228;3,12
Usaquén;2016;Metanol;0;0
Chapinero;2016;Metanol;0;0
Santa Fe;2016;Metanol;0;0
San Cristóbal;2016;Metanol;0;0
Usme;2016;Metanol;0;0
Tunjuelito;2016;Metanol;1;0,59
Bosa;2016;Metanol;0;0
Kennedy;2016;Metanol;5;0,5
Fontibón;2016;Metanol;2;0,56
Engativá;2016;Metanol;0;0
Suba;2016;Metanol;2;0,18
Barrios Unidos;2016;Metanol;2;1,47
Teusaquillo;2016;Metanol;0;0
Los Mártires;2016;Metanol;0;0
Antonio Nariño;2016;Metanol;1;1,25
Puente Aranda;2016;Metanol;0;0
Candelaria;2016;Metanol;0;0
Rafael Uribe Uribe;2016;Metanol;3;0,83
Ciudad Bolívar;2016;Metanol;0;0
Sumapaz;2016;Metanol;0;0
Distrito;2016;Metanol;16;0,22
Usaquén;2016;Todas las sustancias;455;86,74
Chapinero;2016;Todas las sustancias;173;112,92
Santa Fe;2016;Todas las sustancias;121;118,07
San Cristóbal;2016;Todas las sustancias;237;62,03
Usme;2016;Todas las sustancias;236;66,28
Tunjuelito;2016;Todas las sustancias;116;68,14
Bosa;2016;Todas las sustancias;386;56,94
Kennedy;2016;Todas las sustancias;693;68,96
Fontibón;2016;Todas las sustancias;446;124,3
Engativá;2016;Todas las sustancias;682;86,98
Suba;2016;Todas las sustancias;774;68,57
Barrios Unidos;2016;Todas las sustancias;132;97,25
Teusaquillo;2016;Todas las sustancias;201;140,92
Los Mártires;2016;Todas las sustancias;92;125,27
Antonio Nariño;2016;Todas las sustancias;92;114,98
Puente Aranda;2016;Todas las sustancias;188;78,11
Candelaria;2016;Todas las sustancias;25;145,85
Rafael Uribe Uribe;2016;Todas las sustancias;200;55,4
Ciudad Bolívar;2016;Todas las sustancias;315;52,16
Sumapaz;2016;Todas las sustancias;2;63,17
Distrito;2016;Todas las sustancias;5.566;76,24
Usaquén;2017;Medicamentos;207;39,14
Chapinero;2017;Medicamentos;65;42,07
Santa Fe;2017;Medicamentos;46;44,67
San Cristóbal;2017;Medicamentos;113;29,53
Usme;2017;Medicamentos;103;28,71
Tunjuelito;2017;Medicamentos;46;26,99
Bosa;2017;Medicamentos;211;30,82
Kennedy;2017;Medicamentos;330;32,68
Fontibón;2017;Medicamentos;145;40,11
Engativá;2017;Medicamentos;273;34,73
Suba;2017;Medicamentos;386;33,92
Barrios Unidos;2017;Medicamentos;50;37,34
Teusaquillo;2017;Medicamentos;64;44,69
Los Mártires;2017;Medicamentos;35;47,87
Antonio Nariño;2017;Medicamentos;40;50,42
Puente Aranda;2017;Medicamentos;82;34,01
Candelaria;2017;Medicamentos;5;29,33
Rafael Uribe Uribe;2017;Medicamentos;99;27,37
Ciudad Bolívar;2017;Medicamentos;151;24,88
Sumapaz;2017;Medicamentos;1;31,88
Distrito;2017;Medicamentos;2.452;33,42
Usaquén;2017;Psicoactivas;207;39,14
Chapinero;2017;Psicoactivas;74;47,89
Santa Fe;2017;Psicoactivas;29;28,16
San Cristóbal;2017;Psicoactivas;72;18,81
Usme;2017;Psicoactivas;34;9,48
Tunjuelito;2017;Psicoactivas;27;15,84
Bosa;2017;Psicoactivas;97;14,17
Kennedy;2017;Psicoactivas;186;18,42
Fontibón;2017;Psicoactivas;103;28,49
Engativá;2017;Psicoactivas;153;19,46
Suba;2017;Psicoactivas;349;30,67
Barrios Unidos;2017;Psicoactivas;47;35,1
Teusaquillo;2017;Psicoactivas;91;63,54
Los Mártires;2017;Psicoactivas;21;28,72
Antonio Nariño;2017;Psicoactivas;15;18,91
Puente Aranda;2017;Psicoactivas;46;19,08
Candelaria;2017;Psicoactivas;5;29,33
Rafael Uribe Uribe;2017;Psicoactivas;50;13,82
Ciudad Bolívar;2017;Psicoactivas;67;11,04
Sumapaz;2017;Psicoactivas;0;0
Distrito;2017;Psicoactivas;1.673;22,8
Usaquén;2017;Otras sustancias químicas;41;7,75
Chapinero;2017;Otras sustancias químicas;17;11
Santa Fe;2017;Otras sustancias químicas;8;7,77
San Cristóbal;2017;Otras sustancias químicas;26;6,79
Usme;2017;Otras sustancias químicas;36;10,03
Tunjuelito;2017;Otras sustancias químicas;20;11,73
Bosa;2017;Otras sustancias químicas;63;9,2
Kennedy;2017;Otras sustancias químicas;84;8,32
Fontibón;2017;Otras sustancias químicas;45;12,45
Engativá;2017;Otras sustancias químicas;60;7,63
Suba;2017;Otras sustancias químicas;85;7,47
Barrios Unidos;2017;Otras sustancias químicas;8;5,98
Teusaquillo;2017;Otras sustancias químicas;13;9,08
Los Mártires;2017;Otras sustancias químicas;4;5,47
Antonio Nariño;2017;Otras sustancias químicas;9;11,34
Puente Aranda;2017;Otras sustancias químicas;16;6,64
Candelaria;2017;Otras sustancias químicas;3;17,6
Rafael Uribe Uribe;2017;Otras sustancias químicas;31;8,57
Ciudad Bolívar;2017;Otras sustancias químicas;47;7,75
Sumapaz;2017;Otras sustancias químicas;0;0
Distrito;2017;Otras sustancias químicas;616;8,4
Usaquén;2017;Plaguicidas;13;2,46
Chapinero;2017;Plaguicidas;4;2,59
Santa Fe;2017;Plaguicidas;10;9,71
San Cristóbal;2017;Plaguicidas;28;7,32
Usme;2017;Plaguicidas;26;7,25
Tunjuelito;2017;Plaguicidas;4;2,35
Bosa;2017;Plaguicidas;38;5,55
Kennedy;2017;Plaguicidas;65;6,44
Fontibón;2017;Plaguicidas;10;2,77
Engativá;2017;Plaguicidas;38;4,83
Suba;2017;Plaguicidas;41;3,6
Barrios Unidos;2017;Plaguicidas;5;3,73
Teusaquillo;2017;Plaguicidas;8;5,59
Los Mártires;2017;Plaguicidas;7;9,57
Antonio Nariño;2017;Plaguicidas;15;18,91
Puente Aranda;2017;Plaguicidas;12;4,98
Candelaria;2017;Plaguicidas;1;5,87
Rafael Uribe Uribe;2017;Plaguicidas;19;5,25
Ciudad Bolívar;2017;Plaguicidas;52;8,57
Sumapaz;2017;Plaguicidas;1;31,88
Distrito;2017;Plaguicidas;397;5,41
Usaquén;2017;Solventes;11;2,08
Chapinero;2017;Solventes;5;3,24
Santa Fe;2017;Solventes;2;1,94
San Cristóbal;2017;Solventes;10;2,61
Usme;2017;Solventes;11;3,07
Tunjuelito;2017;Solventes;1;0,59
Bosa;2017;Solventes;20;2,92
Kennedy;2017;Solventes;21;2,08
Fontibón;2017;Solventes;7;1,94
Engativá;2017;Solventes;21;2,67
Suba;2017;Solventes;18;1,58
Barrios Unidos;2017;Solventes;11;8,22
Teusaquillo;2017;Solventes;3;2,09
Los Mártires;2017;Solventes;1;1,37
Antonio Nariño;2017;Solventes;1;1,26
Puente Aranda;2017;Solventes;6;2,49
Candelaria;2017;Solventes;1;5,87
Rafael Uribe Uribe;2017;Solventes;5;1,38
Ciudad Bolívar;2017;Solventes;13;2,14
Sumapaz;2017;Solventes;0;0
Distrito;2017;Solventes;168;2,29
Usaquén;2017;Metales pesados;2;0,38
Chapinero;2017;Metales pesados;0;0
Santa Fe;2017;Metales pesados;0;0
San Cristóbal;2017;Metales pesados;0;0
Usme;2017;Metales pesados;0;0
Tunjuelito;2017;Metales pesados;0;0
Bosa;2017;Metales pesados;2;0,29
Kennedy;2017;Metales pesados;1;0,1
Fontibón;2017;Metales pesados;2;0,55
Engativá;2017;Metales pesados;1;0,13
Suba;2017;Metales pesados;5;0,44
Barrios Unidos;2017;Metales pesados;1;0,75
Teusaquillo;2017;Metales pesados;0;0
Los Mártires;2017;Metales pesados;0;0
Antonio Nariño;2017;Metales pesados;0;0
Puente Aranda;2017;Metales pesados;0;0
Candelaria;2017;Metales pesados;0;0
Rafael Uribe Uribe;2017;Metales pesados;0;0
Ciudad Bolívar;2017;Metales pesados;1;0,16
Sumapaz;2017;Metales pesados;0;0
Distrito;2017;Metales pesados;15;0,2
Usaquén;2017;Gases;25;4,73
Chapinero;2017;Gases;10;6,47
Santa Fe;2017;Gases;11;10,68
San Cristóbal;2017;Gases;14;3,66
Usme;2017;Gases;5;1,39
Tunjuelito;2017;Gases;16;9,39
Bosa;2017;Gases;26;3,8
Kennedy;2017;Gases;45;4,46
Fontibón;2017;Gases;21;5,81
Engativá;2017;Gases;39;4,96
Suba;2017;Gases;48;4,22
Barrios Unidos;2017;Gases;2;1,49
Teusaquillo;2017;Gases;9;6,28
Los Mártires;2017;Gases;6;8,21
Antonio Nariño;2017;Gases;2;2,52
Puente Aranda;2017;Gases;10;4,15
Candelaria;2017;Gases;0;0
Rafael Uribe Uribe;2017;Gases;6;1,66
Ciudad Bolívar;2017;Gases;51;8,4
Sumapaz;2017;Gases;0;0
Distrito;2017;Gases;346;4,72
Usaquén;2017;Metanol;0;0
Chapinero;2017;Metanol;0;0
Santa Fe;2017;Metanol;0;0
San Cristóbal;2017;Metanol;0;0
Usme;2017;Metanol;0;0
Tunjuelito;2017;Metanol;0;0
Bosa;2017;Metanol;0;0
Kennedy;2017;Metanol;2;0,2
Fontibón;2017;Metanol;0;0
Engativá;2017;Metanol;0;0
Suba;2017;Metanol;3;0,26
Barrios Unidos;2017;Metanol;0;0
Teusaquillo;2017;Metanol;0;0
Los Mártires;2017;Metanol;0;0
Antonio Nariño;2017;Metanol;0;0
Puente Aranda;2017;Metanol;0;0
Candelaria;2017;Metanol;0;0
Rafael Uribe Uribe;2017;Metanol;0;0
Ciudad Bolívar;2017;Metanol;1;0,16
Sumapaz;2017;Metanol;0;0
Distrito;2017;Metanol;6;0,08
Usaquén;2017;Todas las sustancias;506;95,67
Chapinero;2017;Todas las sustancias;383;247,89
Santa Fe;2017;Todas las sustancias;106;102,93
San Cristóbal;2017;Todas las sustancias;263;68,72
Usme;2017;Todas las sustancias;215;59,92
Tunjuelito;2017;Todas las sustancias;114;66,89
Bosa;2017;Todas las sustancias;457;66,76
Kennedy;2017;Todas las sustancias;15;1,49
Fontibón;2017;Todas las sustancias;734;203,06
Engativá;2017;Todas las sustancias;333;42,36
Suba;2017;Todas las sustancias;935;82,17
Barrios Unidos;2017;Todas las sustancias;124;92,61
Teusaquillo;2017;Todas las sustancias;188;131,27
Los Mártires;2017;Todas las sustancias;74;101,21
Antonio Nariño;2017;Todas las sustancias;82;103,36
Puente Aranda;2017;Todas las sustancias;172;71,34
Candelaria;2017;Todas las sustancias;175;1026,45
Rafael Uribe Uribe;2017;Todas las sustancias;210;58,06
Ciudad Bolívar;2017;Todas las sustancias;585;96,41
Sumapaz;2017;Todas las sustancias;2;63,76
Distrito;2017;Todas las sustancias;5.673;77,32
Usaquén;2018;Medicamentos;92;17,17
Chapinero;2018;Medicamentos;32;20,45
Santa Fe;2018;Medicamentos;13;12,5
San Cristóbal;2018;Medicamentos;43;11,15
Usme;2018;Medicamentos;26;7,15
Tunjuelito;2018;Medicamentos;13;7,57
Bosa;2018;Medicamentos;50;7,2
Kennedy;2018;Medicamentos;111;10,89
Fontibón;2018;Medicamentos;53;14,49
Engativá;2018;Medicamentos;106;13,38
Suba;2018;Medicamentos;188;16,31
Barrios Unidos;2018;Medicamentos;17;12,77
Teusaquillo;2018;Medicamentos;34;23,53
Los Mártires;2018;Medicamentos;11;15,01
Antonio Nariño;2018;Medicamentos;12;15,15
Puente Aranda;2018;Medicamentos;43;17,7
Candelaria;2018;Medicamentos;5;29,28
Rafael Uribe Uribe;2018;Medicamentos;45;12,34
Ciudad Bolívar;2018;Medicamentos;48;7,83
Sumapaz;2018;Medicamentos;0;0
Distrito;2018;Medicamentos;942;12,71
Usaquén;2018;Psicoactivas;149;27,81
Chapinero;2018;Psicoactivas;52;33,23
Santa Fe;2018;Psicoactivas;29;27,89
San Cristóbal;2018;Psicoactivas;50;12,97
Usme;2018;Psicoactivas;25;6,88
Tunjuelito;2018;Psicoactivas;15;8,74
Bosa;2018;Psicoactivas;51;7,34
Kennedy;2018;Psicoactivas;136;13,34
Fontibón;2018;Psicoactivas;65;17,77
Engativá;2018;Psicoactivas;135;17,03
Suba;2018;Psicoactivas;276;23,95
Barrios Unidos;2018;Psicoactivas;29;21,78
Teusaquillo;2018;Psicoactivas;54;37,36
Los Mártires;2018;Psicoactivas;13;17,74
Antonio Nariño;2018;Psicoactivas;23;29,03
Puente Aranda;2018;Psicoactivas;32;13,17
Candelaria;2018;Psicoactivas;3;17,57
Rafael Uribe Uribe;2018;Psicoactivas;41;11,25
Ciudad Bolívar;2018;Psicoactivas;61;9,95
Sumapaz;2018;Psicoactivas;0;0
Distrito;2018;Psicoactivas;1.239;16,71
Usaquén;2018;Otras sustancias químicas;32;5,97
Chapinero;2018;Otras sustancias químicas;57;36,43
Santa Fe;2018;Otras sustancias químicas;5;4,81
San Cristóbal;2018;Otras sustancias químicas;24;6,23
Usme;2018;Otras sustancias químicas;13;3,58
Tunjuelito;2018;Otras sustancias químicas;21;12,24
Bosa;2018;Otras sustancias químicas;30;4,32
Kennedy;2018;Otras sustancias químicas;46;4,51
Fontibón;2018;Otras sustancias químicas;26;7,11
Engativá;2018;Otras sustancias químicas;38;4,79
Suba;2018;Otras sustancias químicas;60;5,21
Barrios Unidos;2018;Otras sustancias químicas;10;7,51
Teusaquillo;2018;Otras sustancias químicas;6;4,15
Los Mártires;2018;Otras sustancias químicas;7;9,55
Antonio Nariño;2018;Otras sustancias químicas;6;7,57
Puente Aranda;2018;Otras sustancias químicas;10;4,12
Candelaria;2018;Otras sustancias químicas;14;81,99
Rafael Uribe Uribe;2018;Otras sustancias químicas;24;6,58
Ciudad Bolívar;2018;Otras sustancias químicas;32;5,22
Sumapaz;2018;Otras sustancias químicas;0;0
Distrito;2018;Otras sustancias químicas;461;6,22
Usaquén;2018;Plaguicidas;4;0,75
Chapinero;2018;Plaguicidas;1;0,64
Santa Fe;2018;Plaguicidas;4;3,85
San Cristóbal;2018;Plaguicidas;10;2,59
Usme;2018;Plaguicidas;13;3,58
Tunjuelito;2018;Plaguicidas;1;0,58
Bosa;2018;Plaguicidas;8;1,15
Kennedy;2018;Plaguicidas;10;0,98
Fontibón;2018;Plaguicidas;6;1,64
Engativá;2018;Plaguicidas;12;1,51
Suba;2018;Plaguicidas;17;1,48
Barrios Unidos;2018;Plaguicidas;2;1,5
Teusaquillo;2018;Plaguicidas;15;10,38
Los Mártires;2018;Plaguicidas;0;0
Antonio Nariño;2018;Plaguicidas;2;2,52
Puente Aranda;2018;Plaguicidas;5;2,06
Candelaria;2018;Plaguicidas;1;5,86
Rafael Uribe Uribe;2018;Plaguicidas;6;1,65
Ciudad Bolívar;2018;Plaguicidas;9;1,47
Sumapaz;2018;Plaguicidas;0;0
Distrito;2018;Plaguicidas;126;1,7
Usaquén;2018;Solventes;10;1,87
Chapinero;2018;Solventes;3;1,92
Santa Fe;2018;Solventes;3;2,89
San Cristóbal;2018;Solventes;8;2,08
Usme;2018;Solventes;4;1,1
Tunjuelito;2018;Solventes;2;1,17
Bosa;2018;Solventes;12;1,73
Kennedy;2018;Solventes;26;2,55
Fontibón;2018;Solventes;7;1,91
Engativá;2018;Solventes;15;1,89
Suba;2018;Solventes;21;1,82
Barrios Unidos;2018;Solventes;1;0,75
Teusaquillo;2018;Solventes;2;1,38
Los Mártires;2018;Solventes;0;0
Antonio Nariño;2018;Solventes;2;2,52
Puente Aranda;2018;Solventes;4;1,65
Candelaria;2018;Solventes;0;0
Rafael Uribe Uribe;2018;Solventes;3;0,82
Ciudad Bolívar;2018;Solventes;9;1,47
Sumapaz;2018;Solventes;1;31,87
Distrito;2018;Solventes;133;1,79
Usaquén;2018;Metales pesados;2;0,37
Chapinero;2018;Metales pesados;0;0
Santa Fe;2018;Metales pesados;0;0
San Cristóbal;2018;Metales pesados;1;0,26
Usme;2018;Metales pesados;2;0,55
Tunjuelito;2018;Metales pesados;0;0
Bosa;2018;Metales pesados;0;0
Kennedy;2018;Metales pesados;2;0,2
Fontibón;2018;Metales pesados;12;3,28
Engativá;2018;Metales pesados;1;0,13
Suba;2018;Metales pesados;1;0,09
Barrios Unidos;2018;Metales pesados;0;0
Teusaquillo;2018;Metales pesados;0;0
Los Mártires;2018;Metales pesados;0;0
Antonio Nariño;2018;Metales pesados;0;0
Puente Aranda;2018;Metales pesados;1;0,41
Candelaria;2018;Metales pesados;0;0
Rafael Uribe Uribe;2018;Metales pesados;0;0
Ciudad Bolívar;2018;Metales pesados;0;0
Sumapaz;2018;Metales pesados;0;0
Distrito;2018;Metales pesados;22;0,3
Usaquén;2018;Gases;20;3,73
Chapinero;2018;Gases;16;10,23
Santa Fe;2018;Gases;21;20,2
San Cristóbal;2018;Gases;15;3,89
Usme;2018;Gases;8;2,2
Tunjuelito;2018;Gases;5;2,91
Bosa;2018;Gases;46;6,62
Kennedy;2018;Gases;36;3,53
Fontibón;2018;Gases;7;1,91
Engativá;2018;Gases;33;4,16
Suba;2018;Gases;24;2,08
Barrios Unidos;2018;Gases;2;1,5
Teusaquillo;2018;Gases;10;6,92
Los Mártires;2018;Gases;2;2,73
Antonio Nariño;2018;Gases;9;11,36
Puente Aranda;2018;Gases;13;5,35
Candelaria;2018;Gases;4;23,43
Rafael Uribe Uribe;2018;Gases;20;5,49
Ciudad Bolívar;2018;Gases;14;2,28
Sumapaz;2018;Gases;0;0
Distrito;2018;Gases;305;4,11
Usaquén;2018;Metanol;1;0,19
Chapinero;2018;Metanol;1;0,64
Santa Fe;2018;Metanol;0;0
San Cristóbal;2018;Metanol;0;0
Usme;2018;Metanol;0;0
Tunjuelito;2018;Metanol;0;0
Bosa;2018;Metanol;2;0,29
Kennedy;2018;Metanol;1;0,1
Fontibón;2018;Metanol;0;0
Engativá;2018;Metanol;3;0,38
Suba;2018;Metanol;5;0,43
Barrios Unidos;2018;Metanol;0;0
Teusaquillo;2018;Metanol;0;0
Los Mártires;2018;Metanol;0;0
Antonio Nariño;2018;Metanol;0;0
Puente Aranda;2018;Metanol;0;0
Candelaria;2018;Metanol;0;0
Rafael Uribe Uribe;2018;Metanol;0;0
Ciudad Bolívar;2018;Metanol;1;0,16
Sumapaz;2018;Metanol;0;0
Distrito;2018;Metanol;14;0,19
Usaquén;2018;Todas las sustancias;310;57,87
Chapinero;2018;Todas las sustancias;174;111,2
Santa Fe;2018;Todas las sustancias;75;72,13
San Cristóbal;2018;Todas las sustancias;151;39,17
Usme;2018;Todas las sustancias;91;25,04
Tunjuelito;2018;Todas las sustancias;57;33,21
Bosa;2018;Todas las sustancias;199;28,66
Kennedy;2018;Todas las sustancias;27;2,65
Fontibón;2018;Todas las sustancias;368;100,58
Engativá;2018;Todas las sustancias;176;22,21
Suba;2018;Todas las sustancias;592;51,37
Barrios Unidos;2018;Todas las sustancias;61;45,82
Teusaquillo;2018;Todas las sustancias;121;83,72
Los Mártires;2018;Todas las sustancias;33;45,03
Antonio Nariño;2018;Todas las sustancias;54;68,16
Puente Aranda;2018;Todas las sustancias;108;44,46
Candelaria;2018;Todas las sustancias;162;948,76
Rafael Uribe Uribe;2018;Todas las sustancias;139;38,13
Ciudad Bolívar;2018;Todas las sustancias;343;55,94
Sumapaz;2018;Todas las sustancias;1;31,87
Distrito;2018;Todas las sustancias;3.242;43,74
Usaquén;2019;Medicamentos;58;10,53
Chapinero;2019;Medicamentos;27;16,55
Santa Fe;2019;Medicamentos;11;10,38
San Cristóbal;2019;Medicamentos;36;9,18
Usme;2019;Medicamentos;38;10,14
Tunjuelito;2019;Medicamentos;9;5,13
Bosa;2019;Medicamentos;56;7,92
Kennedy;2019;Medicamentos;123;11,97
Fontibón;2019;Medicamentos;32;8,49
Engativá;2019;Medicamentos;107;13,33
Suba;2019;Medicamentos;162;13,58
Barrios Unidos;2019;Medicamentos;22;15,91
Teusaquillo;2019;Medicamentos;15;9,84
Los Mártires;2019;Medicamentos;8;9,64
Antonio Nariño;2019;Medicamentos;6;7,49
Puente Aranda;2019;Medicamentos;34;13,75
Candelaria;2019;Medicamentos;2;11,53
Rafael Uribe Uribe;2019;Medicamentos;33;8,85
Ciudad Bolívar;2019;Medicamentos;41;6,52
Sumapaz;2019;Medicamentos;0;0
Distrito;2019;Medicamentos;820;10,8
Usaquén;2019;Psicoactivas;162;29,42
Chapinero;2019;Psicoactivas;70;42,91
Santa Fe;2019;Psicoactivas;37;34,93
San Cristóbal;2019;Psicoactivas;81;20,65
Usme;2019;Psicoactivas;51;13,6
Tunjuelito;2019;Psicoactivas;20;11,4
Bosa;2019;Psicoactivas;70;9,9
Kennedy;2019;Psicoactivas;189;18,4
Fontibón;2019;Psicoactivas;74;19,62
Engativá;2019;Psicoactivas;150;18,69
Suba;2019;Psicoactivas;313;26,24
Barrios Unidos;2019;Psicoactivas;52;37,6
Teusaquillo;2019;Psicoactivas;62;40,68
Los Mártires;2019;Psicoactivas;24;28,93
Antonio Nariño;2019;Psicoactivas;27;33,71
Puente Aranda;2019;Psicoactivas;70;28,31
Candelaria;2019;Psicoactivas;4;23,06
Rafael Uribe Uribe;2019;Psicoactivas;48;12,87
Ciudad Bolívar;2019;Psicoactivas;89;14,16
Sumapaz;2019;Psicoactivas;0;0
Distrito;2019;Psicoactivas;1.593;20,98
Usaquén;2019;Otras sustancias químicas;18;3,27
Chapinero;2019;Otras sustancias químicas;4;2,45
Santa Fe;2019;Otras sustancias químicas;10;9,44
San Cristóbal;2019;Otras sustancias químicas;11;2,8
Usme;2019;Otras sustancias químicas;20;5,33
Tunjuelito;2019;Otras sustancias químicas;7;3,99
Bosa;2019;Otras sustancias químicas;20;2,83
Kennedy;2019;Otras sustancias químicas;36;3,5
Fontibón;2019;Otras sustancias químicas;16;4,24
Engativá;2019;Otras sustancias químicas;41;5,11
Suba;2019;Otras sustancias químicas;67;5,62
Barrios Unidos;2019;Otras sustancias químicas;3;2,17
Teusaquillo;2019;Otras sustancias químicas;5;3,28
Los Mártires;2019;Otras sustancias químicas;9;10,85
Antonio Nariño;2019;Otras sustancias químicas;8;9,99
Puente Aranda;2019;Otras sustancias químicas;15;6,07
Candelaria;2019;Otras sustancias químicas;0;0
Rafael Uribe Uribe;2019;Otras sustancias químicas;23;6,17
Ciudad Bolívar;2019;Otras sustancias químicas;37;5,89
Sumapaz;2019;Otras sustancias químicas;0;0
Distrito;2019;Otras sustancias químicas;350;4,61
Usaquén;2019;Plaguicidas;5;0,91
Chapinero;2019;Plaguicidas;1;0,61
Santa Fe;2019;Plaguicidas;1;0,94
San Cristóbal;2019;Plaguicidas;2;0,51
Usme;2019;Plaguicidas;5;1,33
Tunjuelito;2019;Plaguicidas;0;0
Bosa;2019;Plaguicidas;4;0,57
Kennedy;2019;Plaguicidas;11;1,07
Fontibón;2019;Plaguicidas;13;3,45
Engativá;2019;Plaguicidas;15;1,87
Suba;2019;Plaguicidas;20;1,68
Barrios Unidos;2019;Plaguicidas;3;2,17
Teusaquillo;2019;Plaguicidas;5;3,28
Los Mártires;2019;Plaguicidas;3;3,62
Antonio Nariño;2019;Plaguicidas;2;2,5
Puente Aranda;2019;Plaguicidas;1;0,4
Candelaria;2019;Plaguicidas;0;0
Rafael Uribe Uribe;2019;Plaguicidas;8;2,14
Ciudad Bolívar;2019;Plaguicidas;10;1,59
Sumapaz;2019;Plaguicidas;0;0
Distrito;2019;Plaguicidas;109;1,44
Usaquén;2019;Solventes;7;1,27
Chapinero;2019;Solventes;1;0,61
Santa Fe;2019;Solventes;4;3,78
San Cristóbal;2019;Solventes;10;2,55
Usme;2019;Solventes;10;2,67
Tunjuelito;2019;Solventes;6;3,42
Bosa;2019;Solventes;13;1,84
Kennedy;2019;Solventes;19;1,85
Fontibón;2019;Solventes;7;1,86
Engativá;2019;Solventes;13;1,62
Suba;2019;Solventes;17;1,43
Barrios Unidos;2019;Solventes;4;2,89
Teusaquillo;2019;Solventes;2;1,31
Los Mártires;2019;Solventes;9;10,85
Antonio Nariño;2019;Solventes;3;3,75
Puente Aranda;2019;Solventes;2;0,81
Candelaria;2019;Solventes;1;5,77
Rafael Uribe Uribe;2019;Solventes;7;1,88
Ciudad Bolívar;2019;Solventes;10;1,59
Sumapaz;2019;Solventes;0;0
Distrito;2019;Solventes;145;1,91
Usaquén;2019;Metales pesados;0;0
Chapinero;2019;Metales pesados;1;0,61
Santa Fe;2019;Metales pesados;0;0
San Cristóbal;2019;Metales pesados;0;0
Usme;2019;Metales pesados;0;0
Tunjuelito;2019;Metales pesados;0;0
Bosa;2019;Metales pesados;0;0
Kennedy;2019;Metales pesados;0;0
Fontibón;2019;Metales pesados;2;0,53
Engativá;2019;Metales pesados;0;0
Suba;2019;Metales pesados;0;0
Barrios Unidos;2019;Metales pesados;1;0,72
Teusaquillo;2019;Metales pesados;0;0
Los Mártires;2019;Metales pesados;0;0
Antonio Nariño;2019;Metales pesados;0;0
Puente Aranda;2019;Metales pesados;0;0
Candelaria;2019;Metales pesados;0;0
Rafael Uribe Uribe;2019;Metales pesados;0;0
Ciudad Bolívar;2019;Metales pesados;0;0
Sumapaz;2019;Metales pesados;0;0
Distrito;2019;Metales pesados;4;0,05
Usaquén;2019;Gases;10;1,82
Chapinero;2019;Gases;4;2,45
Santa Fe;2019;Gases;3;2,83
San Cristóbal;2019;Gases;16;4,08
Usme;2019;Gases;4;1,07
Tunjuelito;2019;Gases;5;2,85
Bosa;2019;Gases;16;2,26
Kennedy;2019;Gases;21;2,04
Fontibón;2019;Gases;31;8,22
Engativá;2019;Gases;28;3,49
Suba;2019;Gases;41;3,44
Barrios Unidos;2019;Gases;3;2,17
Teusaquillo;2019;Gases;12;7,87
Los Mártires;2019;Gases;2;2,41
Antonio Nariño;2019;Gases;2;2,5
Puente Aranda;2019;Gases;14;5,66
Candelaria;2019;Gases;0;0
Rafael Uribe Uribe;2019;Gases;8;2,14
Ciudad Bolívar;2019;Gases;18;2,86
Sumapaz;2019;Gases;0;0
Distrito;2019;Gases;238;3,13
Usaquén;2019;Metanol;0;0
Chapinero;2019;Metanol;1;0,61
Santa Fe;2019;Metanol;1;0,94
San Cristóbal;2019;Metanol;1;0,25
Usme;2019;Metanol;3;0,8
Tunjuelito;2019;Metanol;0;0
Bosa;2019;Metanol;0;0
Kennedy;2019;Metanol;0;0
Fontibón;2019;Metanol;0;0
Engativá;2019;Metanol;0;0
Suba;2019;Metanol;3;0,25
Barrios Unidos;2019;Metanol;0;0
Teusaquillo;2019;Metanol;0;0
Los Mártires;2019;Metanol;1;1,21
Antonio Nariño;2019;Metanol;0;0
Puente Aranda;2019;Metanol;0;0
Candelaria;2019;Metanol;0;0
Rafael Uribe Uribe;2019;Metanol;1;0,27
Ciudad Bolívar;2019;Metanol;1;0,16
Sumapaz;2019;Metanol;0;0
Distrito;2019;Metanol;12;0,16
Usaquén;2019;Desconocida;70;12,71
Chapinero;2019;Desconocida;31;19
Santa Fe;2019;Desconocida;9;8,5
San Cristóbal;2019;Desconocida;33;8,41
Usme;2019;Desconocida;28;7,47
Tunjuelito;2019;Desconocida;10;5,7
Bosa;2019;Desconocida;37;5,23
Kennedy;2019;Desconocida;74;7,2
Fontibón;2019;Desconocida;21;5,57
Engativá;2019;Desconocida;47;5,85
Suba;2019;Desconocida;97;8,13
Barrios Unidos;2019;Desconocida;15;10,84
Teusaquillo;2019;Desconocida;24;15,75
Los Mártires;2019;Desconocida;11;13,26
Antonio Nariño;2019;Desconocida;15;18,73
Puente Aranda;2019;Desconocida;26;10,52
Candelaria;2019;Desconocida;3;17,3
Rafael Uribe Uribe;2019;Desconocida;20;5,36
Ciudad Bolívar;2019;Desconocida;37;5,89
Sumapaz;2019;Desconocida;0;0
Distrito;2019;Desconocida;608;8,01
Usaquén;2019;Todas las sustancias;260;47,21
Chapinero;2019;Todas las sustancias;206;126,27
Santa Fe;2019;Todas las sustancias;67;63,25
San Cristóbal;2019;Todas las sustancias;157;40,02
Usme;2019;Todas las sustancias;131;34,94
Tunjuelito;2019;Todas las sustancias;47;26,78
Bosa;2019;Todas las sustancias;179;25,31
Kennedy;2019;Todas las sustancias;7;0,68
Fontibón;2019;Todas las sustancias;399;105,8
Engativá;2019;Todas las sustancias;175;21,8
Suba;2019;Todas las sustancias;623;52,24
Barrios Unidos;2019;Todas las sustancias;88;63,62
Teusaquillo;2019;Todas las sustancias;101;66,27
Los Mártires;2019;Todas las sustancias;56;67,5
Antonio Nariño;2019;Todas las sustancias;48;59,93
Puente Aranda;2019;Todas las sustancias;136;55,01
Candelaria;2019;Todas las sustancias;109;628,42
Rafael Uribe Uribe;2019;Todas las sustancias;128;34,32
Ciudad Bolívar;2019;Todas las sustancias;354;56,31
Sumapaz;2019;Todas las sustancias;0;0
Distrito;2019;Todas las sustancias;3.271;43,08
Usaquén;2020;Medicamentos;65;11,51
Chapinero;2020;Medicamentos;19;11,19
Santa Fe;2020;Medicamentos;9;8,38
San Cristóbal;2020;Medicamentos;29;7,3
Usme;2020;Medicamentos;31;8,05
Tunjuelito;2020;Medicamentos;13;7,28
Bosa;2020;Medicamentos;46;6,41
Kennedy;2020;Medicamentos;83;8,02
Fontibón;2020;Medicamentos;23;5,95
Engativá;2020;Medicamentos;72;8,87
Suba;2020;Medicamentos;123;10,02
Barrios Unidos;2020;Medicamentos;20;13,96
Teusaquillo;2020;Medicamentos;20;12,41
Los Mártires;2020;Medicamentos;8;9,57
Antonio Nariño;2020;Medicamentos;8;9,82
Puente Aranda;2020;Medicamentos;16;6,38
Candelaria;2020;Medicamentos;4;22,71
Rafael Uribe Uribe;2020;Medicamentos;39;10,26
Ciudad Bolívar;2020;Medicamentos;49;7,64
Sumapaz;2020;Medicamentos;0;0
Distrito;2020;Medicamentos;677;8,74
Usaquén;2020;Psicoactivas;92;16,3
Chapinero;2020;Psicoactivas;22;12,96
Santa Fe;2020;Psicoactivas;7;6,51
San Cristóbal;2020;Psicoactivas;21;5,28
Usme;2020;Psicoactivas;24;6,23
Tunjuelito;2020;Psicoactivas;14;7,84
Bosa;2020;Psicoactivas;21;2,93
Kennedy;2020;Psicoactivas;98;9,47
Fontibón;2020;Psicoactivas;23;5,95
Engativá;2020;Psicoactivas;66;8,13
Suba;2020;Psicoactivas;115;9,37
Barrios Unidos;2020;Psicoactivas;11;7,68
Teusaquillo;2020;Psicoactivas;13;8,06
Los Mártires;2020;Psicoactivas;12;14,36
Antonio Nariño;2020;Psicoactivas;4;4,91
Puente Aranda;2020;Psicoactivas;17;6,77
Candelaria;2020;Psicoactivas;1;5,68
Rafael Uribe Uribe;2020;Psicoactivas;16;4,21
Ciudad Bolívar;2020;Psicoactivas;27;4,21
Sumapaz;2020;Psicoactivas;0;0
Distrito;2020;Psicoactivas;604;7,8
Usaquén;2020;Otras sustancias químicas;16;2,83
Chapinero;2020;Otras sustancias químicas;8;4,71
Santa Fe;2020;Otras sustancias químicas;3;2,79
San Cristóbal;2020;Otras sustancias químicas;20;5,03
Usme;2020;Otras sustancias químicas;24;6,23
Tunjuelito;2020;Otras sustancias químicas;8;4,48
Bosa;2020;Otras sustancias químicas;23;3,2
Kennedy;2020;Otras sustancias químicas;38;3,67
Fontibón;2020;Otras sustancias químicas;21;5,43
Engativá;2020;Otras sustancias químicas;22;2,71
Suba;2020;Otras sustancias químicas;46;3,75
Barrios Unidos;2020;Otras sustancias químicas;4;2,79
Teusaquillo;2020;Otras sustancias químicas;2;1,24
Los Mártires;2020;Otras sustancias químicas;2;2,39
Antonio Nariño;2020;Otras sustancias químicas;4;4,91
Puente Aranda;2020;Otras sustancias químicas;0;0
Candelaria;2020;Otras sustancias químicas;0;0
Rafael Uribe Uribe;2020;Otras sustancias químicas;17;4,47
Ciudad Bolívar;2020;Otras sustancias químicas;23;3,59
Sumapaz;2020;Otras sustancias químicas;1;28,99
Distrito;2020;Otras sustancias químicas;282;3,64
Usaquén;2020;Plaguicidas;1;0,18
Chapinero;2020;Plaguicidas;3;1,77
Santa Fe;2020;Plaguicidas;2;1,86
San Cristóbal;2020;Plaguicidas;1;0,25
Usme;2020;Plaguicidas;1;0,26
Tunjuelito;2020;Plaguicidas;1;0,56
Bosa;2020;Plaguicidas;5;0,7
Kennedy;2020;Plaguicidas;8;0,77
Fontibón;2020;Plaguicidas;2;0,52
Engativá;2020;Plaguicidas;4;0,49
Suba;2020;Plaguicidas;5;0,41
Barrios Unidos;2020;Plaguicidas;1;0,7
Teusaquillo;2020;Plaguicidas;1;0,62
Los Mártires;2020;Plaguicidas;2;2,39
Antonio Nariño;2020;Plaguicidas;3;3,68
Puente Aranda;2020;Plaguicidas;1;0,4
Candelaria;2020;Plaguicidas;0;0
Rafael Uribe Uribe;2020;Plaguicidas;3;0,79
Ciudad Bolívar;2020;Plaguicidas;7;1,09
Sumapaz;2020;Plaguicidas;1;28,99
Distrito;2020;Plaguicidas;52;0,67
Usaquén;2020;Solventes;2;0,35
Chapinero;2020;Solventes;11;6,48
Santa Fe;2020;Solventes;3;2,79
San Cristóbal;2020;Solventes;8;2,01
Usme;2020;Solventes;5;1,3
Tunjuelito;2020;Solventes;2;1,12
Bosa;2020;Solventes;4;0,56
Kennedy;2020;Solventes;7;0,68
Fontibón;2020;Solventes;6;1,55
Engativá;2020;Solventes;6;0,74
Suba;2020;Solventes;10;0,81
Barrios Unidos;2020;Solventes;3;2,09
Teusaquillo;2020;Solventes;2;1,24
Los Mártires;2020;Solventes;0;0
Antonio Nariño;2020;Solventes;1;1,23
Puente Aranda;2020;Solventes;1;0,4
Candelaria;2020;Solventes;1;5,68
Rafael Uribe Uribe;2020;Solventes;6;1,58
Ciudad Bolívar;2020;Solventes;8;1,25
Sumapaz;2020;Solventes;0;0
Distrito;2020;Solventes;86;1,11
Usaquén;2020;Metales pesados;0;0
Chapinero;2020;Metales pesados;0;0
Santa Fe;2020;Metales pesados;0;0
San Cristóbal;2020;Metales pesados;0;0
Usme;2020;Metales pesados;1;0,26
Tunjuelito;2020;Metales pesados;0;0
Bosa;2020;Metales pesados;0;0
Kennedy;2020;Metales pesados;1;0,1
Fontibón;2020;Metales pesados;1;0,26
Engativá;2020;Metales pesados;0;0
Suba;2020;Metales pesados;0;0
Barrios Unidos;2020;Metales pesados;0;0
Teusaquillo;2020;Metales pesados;0;0
Los Mártires;2020;Metales pesados;0;0
Antonio Nariño;2020;Metales pesados;0;0
Puente Aranda;2020;Metales pesados;0;0
Candelaria;2020;Metales pesados;0;0
Rafael Uribe Uribe;2020;Metales pesados;0;0
Ciudad Bolívar;2020;Metales pesados;0;0
Sumapaz;2020;Metales pesados;0;0
Distrito;2020;Metales pesados;3;0,04
Usaquén;2020;Gases;2;0,35
Chapinero;2020;Gases;1;0,59
Santa Fe;2020;Gases;0;0
San Cristóbal;2020;Gases;6;1,51
Usme;2020;Gases;4;1,04
Tunjuelito;2020;Gases;2;1,12
Bosa;2020;Gases;8;1,11
Kennedy;2020;Gases;17;1,64
Fontibón;2020;Gases;2;0,52
Engativá;2020;Gases;9;1,11
Suba;2020;Gases;6;0,49
Barrios Unidos;2020;Gases;0;0
Teusaquillo;2020;Gases;0;0
Los Mártires;2020;Gases;1;1,2
Antonio Nariño;2020;Gases;1;1,23
Puente Aranda;2020;Gases;1;0,4
Candelaria;2020;Gases;0;0
Rafael Uribe Uribe;2020;Gases;5;1,32
Ciudad Bolívar;2020;Gases;5;0,78
Sumapaz;2020;Gases;0;0
Distrito;2020;Gases;70;0,9
Usaquén;2020;Metanol;1;0,18
Chapinero;2020;Metanol;0;0
Santa Fe;2020;Metanol;3;2,79
San Cristóbal;2020;Metanol;0;0
Usme;2020;Metanol;3;0,78
Tunjuelito;2020;Metanol;0;0
Bosa;2020;Metanol;0;0
Kennedy;2020;Metanol;2;0,19
Fontibón;2020;Metanol;0;0
Engativá;2020;Metanol;0;0
Suba;2020;Metanol;4;0,33
Barrios Unidos;2020;Metanol;1;0,7
Teusaquillo;2020;Metanol;0;0
Los Mártires;2020;Metanol;1;1,2
Antonio Nariño;2020;Metanol;0;0
Puente Aranda;2020;Metanol;1;0,4
Candelaria;2020;Metanol;0;0
Rafael Uribe Uribe;2020;Metanol;1;0,26
Ciudad Bolívar;2020;Metanol;1;0,16
Sumapaz;2020;Metanol;0;0
Distrito;2020;Metanol;18;0,23
Usaquén;2020;Desconocida;41;7,26
Chapinero;2020;Desconocida;16;9,42
Santa Fe;2020;Desconocida;6;5,58
San Cristóbal;2020;Desconocida;17;4,28
Usme;2020;Desconocida;19;4,94
Tunjuelito;2020;Desconocida;8;4,48
Bosa;2020;Desconocida;23;3,2
Kennedy;2020;Desconocida;37;3,58
Fontibón;2020;Desconocida;13;3,36
Engativá;2020;Desconocida;18;2,22
Suba;2020;Desconocida;44;3,58
Barrios Unidos;2020;Desconocida;8;5,58
Teusaquillo;2020;Desconocida;15;9,3
Los Mártires;2020;Desconocida;6;7,18
Antonio Nariño;2020;Desconocida;7;8,59
Puente Aranda;2020;Desconocida;16;6,38
Candelaria;2020;Desconocida;1;5,68
Rafael Uribe Uribe;2020;Desconocida;22;5,79
Ciudad Bolívar;2020;Desconocida;20;3,12
Sumapaz;2020;Desconocida;0;0
Distrito;2020;Desconocida;337;4,35
Usaquén;2020;Todas las sustancias;220;38,97
Chapinero;2020;Todas las sustancias;140;82,46
Santa Fe;2020;Todas las sustancias;33;30,71
San Cristóbal;2020;Todas las sustancias;102;25,67
Usme;2020;Todas las sustancias;112;29,1
Tunjuelito;2020;Todas las sustancias;48;26,87
Bosa;2020;Todas las sustancias;130;18,11
Kennedy;2020;Todas las sustancias;7;0,68
Fontibón;2020;Todas las sustancias;291;75,22
Engativá;2020;Todas las sustancias;91;11,21
Suba;2020;Todas las sustancias;353;28,75
Barrios Unidos;2020;Todas las sustancias;48;33,5
Teusaquillo;2020;Todas las sustancias;53;32,87
Los Mártires;2020;Todas las sustancias;32;38,28
Antonio Nariño;2020;Todas las sustancias;28;34,37
Puente Aranda;2020;Todas las sustancias;53;21,12
Candelaria;2020;Todas las sustancias;80;454,26
Rafael Uribe Uribe;2020;Todas las sustancias;109;28,68
Ciudad Bolívar;2020;Todas las sustancias;197;30,72
Sumapaz;2020;Todas las sustancias;2;57,99
Distrito;2020;Todas las sustancias;2.129;27,49
Usaquén;2021;Medicamentos;78;13,65
Chapinero;2021;Medicamentos;29;16,73
Santa Fe;2021;Medicamentos;12;11,13
San Cristóbal;2021;Medicamentos;37;9,23
Usme;2021;Medicamentos;40;10,17
Tunjuelito;2021;Medicamentos;20;11,1
Bosa;2021;Medicamentos;51;7,05
Kennedy;2021;Medicamentos;114;11,02
Fontibón;2021;Medicamentos;41;10,42
Engativá;2021;Medicamentos;122;14,99
Suba;2021;Medicamentos;140;11,18
Barrios Unidos;2021;Medicamentos;17;11,57
Teusaquillo;2021;Medicamentos;19;11,32
Los Mártires;2021;Medicamentos;9;10,79
Antonio Nariño;2021;Medicamentos;6;7,3
Puente Aranda;2021;Medicamentos;30;11,84
Candelaria;2021;Medicamentos;2;11,19
Rafael Uribe Uribe;2021;Medicamentos;44;11,46
Ciudad Bolívar;2021;Medicamentos;65;10
Sumapaz;2021;Medicamentos;0;0
Distrito;2021;Medicamentos;876;11,18
Usaquén;2021;Psicoactivas;128;22,41
Chapinero;2021;Psicoactivas;39;22,5
Santa Fe;2021;Psicoactivas;12;11,13
San Cristóbal;2021;Psicoactivas;27;6,73
Usme;2021;Psicoactivas;17;4,32
Tunjuelito;2021;Psicoactivas;21;11,66
Bosa;2021;Psicoactivas;34;4,7
Kennedy;2021;Psicoactivas;98;9,47
Fontibón;2021;Psicoactivas;38;9,66
Engativá;2021;Psicoactivas;72;8,84
Suba;2021;Psicoactivas;183;14,61
Barrios Unidos;2021;Psicoactivas;17;11,57
Teusaquillo;2021;Psicoactivas;31;18,47
Los Mártires;2021;Psicoactivas;14;16,78
Antonio Nariño;2021;Psicoactivas;10;12,17
Puente Aranda;2021;Psicoactivas;18;7,1
Candelaria;2021;Psicoactivas;5;27,97
Rafael Uribe Uribe;2021;Psicoactivas;34;8,86
Ciudad Bolívar;2021;Psicoactivas;61;9,39
Sumapaz;2021;Psicoactivas;0;0
Distrito;2021;Psicoactivas;859;10,96
Usaquén;2021;Otras sustancias químicas;41;7,18
Chapinero;2021;Otras sustancias químicas;11;6,35
Santa Fe;2021;Otras sustancias químicas;13;12,06
San Cristóbal;2021;Otras sustancias químicas;25;6,23
Usme;2021;Otras sustancias químicas;34;8,64
Tunjuelito;2021;Otras sustancias químicas;16;8,88
Bosa;2021;Otras sustancias químicas;27;3,73
Kennedy;2021;Otras sustancias químicas;54;5,22
Fontibón;2021;Otras sustancias químicas;20;5,08
Engativá;2021;Otras sustancias químicas;48;5,9
Suba;2021;Otras sustancias químicas;62;4,95
Barrios Unidos;2021;Otras sustancias químicas;8;5,45
Teusaquillo;2021;Otras sustancias químicas;14;8,34
Los Mártires;2021;Otras sustancias químicas;9;10,79
Antonio Nariño;2021;Otras sustancias químicas;13;15,81
Puente Aranda;2021;Otras sustancias químicas;17;6,71
Candelaria;2021;Otras sustancias químicas;1;5,59
Rafael Uribe Uribe;2021;Otras sustancias químicas;14;3,65
Ciudad Bolívar;2021;Otras sustancias químicas;46;7,08
Sumapaz;2021;Otras sustancias químicas;0;0
Distrito;2021;Otras sustancias químicas;473;6,04
Usaquén;2021;Plaguicidas;2;0,35
Chapinero;2021;Plaguicidas;1;0,58
Santa Fe;2021;Plaguicidas;1;0,93
San Cristóbal;2021;Plaguicidas;3;0,75
Usme;2021;Plaguicidas;2;0,51
Tunjuelito;2021;Plaguicidas;2;1,11
Bosa;2021;Plaguicidas;3;0,41
Kennedy;2021;Plaguicidas;13;1,26
Fontibón;2021;Plaguicidas;1;0,25
Engativá;2021;Plaguicidas;6;0,74
Suba;2021;Plaguicidas;10;0,8
Barrios Unidos;2021;Plaguicidas;1;0,68
Teusaquillo;2021;Plaguicidas;0;0
Los Mártires;2021;Plaguicidas;1;1,2
Antonio Nariño;2021;Plaguicidas;1;1,22
Puente Aranda;2021;Plaguicidas;1;0,39
Candelaria;2021;Plaguicidas;0;0
Rafael Uribe Uribe;2021;Plaguicidas;0;0
Ciudad Bolívar;2021;Plaguicidas;8;1,23
Sumapaz;2021;Plaguicidas;0;0
Distrito;2021;Plaguicidas;56;0,71
Usaquén;2021;Solventes;5;0,88
Chapinero;2021;Solventes;1;0,58
Santa Fe;2021;Solventes;2;1,86
San Cristóbal;2021;Solventes;5;1,25
Usme;2021;Solventes;6;1,53
Tunjuelito;2021;Solventes;9;5
Bosa;2021;Solventes;4;0,55
Kennedy;2021;Solventes;15;1,45
Fontibón;2021;Solventes;4;1,02
Engativá;2021;Solventes;12;1,47
Suba;2021;Solventes;30;2,39
Barrios Unidos;2021;Solventes;6;4,09
Teusaquillo;2021;Solventes;3;1,79
Los Mártires;2021;Solventes;0;0
Antonio Nariño;2021;Solventes;2;2,43
Puente Aranda;2021;Solventes;3;1,18
Candelaria;2021;Solventes;0;0
Rafael Uribe Uribe;2021;Solventes;5;1,3
Ciudad Bolívar;2021;Solventes;10;1,54
Sumapaz;2021;Solventes;0;0
Distrito;2021;Solventes;122;1,56
Usaquén;2021;Metales pesados;0;0
Chapinero;2021;Metales pesados;1;0,58
Santa Fe;2021;Metales pesados;0;0
San Cristóbal;2021;Metales pesados;0;0
Usme;2021;Metales pesados;0;0
Tunjuelito;2021;Metales pesados;0;0
Bosa;2021;Metales pesados;0;0
Kennedy;2021;Metales pesados;2;0,19
Fontibón;2021;Metales pesados;1;0,25
Engativá;2021;Metales pesados;0;0
Suba;2021;Metales pesados;3;0,24
Barrios Unidos;2021;Metales pesados;0;0
Teusaquillo;2021;Metales pesados;1;0,6
Los Mártires;2021;Metales pesados;0;0
Antonio Nariño;2021;Metales pesados;0;0
Puente Aranda;2021;Metales pesados;0;0
Candelaria;2021;Metales pesados;0;0
Rafael Uribe Uribe;2021;Metales pesados;0;0
Ciudad Bolívar;2021;Metales pesados;0;0
Sumapaz;2021;Metales pesados;0;0
Distrito;2021;Metales pesados;8;0,1
Usaquén;2021;Gases;5;0,88
Chapinero;2021;Gases;3;1,73
Santa Fe;2021;Gases;2;1,86
San Cristóbal;2021;Gases;9;2,24
Usme;2021;Gases;6;1,53
Tunjuelito;2021;Gases;7;3,89
Bosa;2021;Gases;9;1,24
Kennedy;2021;Gases;21;2,03
Fontibón;2021;Gases;9;2,29
Engativá;2021;Gases;9;1,11
Suba;2021;Gases;13;1,04
Barrios Unidos;2021;Gases;2;1,36
Teusaquillo;2021;Gases;1;0,6
Los Mártires;2021;Gases;3;3,6
Antonio Nariño;2021;Gases;1;1,22
Puente Aranda;2021;Gases;20;7,89
Candelaria;2021;Gases;0;0
Rafael Uribe Uribe;2021;Gases;4;1,04
Ciudad Bolívar;2021;Gases;16;2,46
Sumapaz;2021;Gases;0;0
Distrito;2021;Gases;140;1,79
Usaquén;2021;Metanol;0;0
Chapinero;2021;Metanol;0;0
Santa Fe;2021;Metanol;0;0
San Cristóbal;2021;Metanol;0;0
Usme;2021;Metanol;0;0
Tunjuelito;2021;Metanol;0;0
Bosa;2021;Metanol;0;0
Kennedy;2021;Metanol;0;0
Fontibón;2021;Metanol;1;0,25
Engativá;2021;Metanol;1;0,12
Suba;2021;Metanol;1;0,08
Barrios Unidos;2021;Metanol;0;0
Teusaquillo;2021;Metanol;0;0
Los Mártires;2021;Metanol;0;0
Antonio Nariño;2021;Metanol;0;0
Puente Aranda;2021;Metanol;0;0
Candelaria;2021;Metanol;0;0
Rafael Uribe Uribe;2021;Metanol;0;0
Ciudad Bolívar;2021;Metanol;0;0
Sumapaz;2021;Metanol;0;0
Distrito;2021;Metanol;3;0,04
Usaquén;2021;Desconocida;30;5,25
Chapinero;2021;Desconocida;17;9,81
Santa Fe;2021;Desconocida;4;3,71
San Cristóbal;2021;Desconocida;14;3,49
Usme;2021;Desconocida;7;1,78
Tunjuelito;2021;Desconocida;12;6,66
Bosa;2021;Desconocida;25;3,46
Kennedy;2021;Desconocida;30;2,9
Fontibón;2021;Desconocida;23;5,84
Engativá;2021;Desconocida;21;2,58
Suba;2021;Desconocida;42;3,35
Barrios Unidos;2021;Desconocida;8;5,45
Teusaquillo;2021;Desconocida;17;10,13
Los Mártires;2021;Desconocida;7;8,39
Antonio Nariño;2021;Desconocida;3;3,65
Puente Aranda;2021;Desconocida;10;3,95
Candelaria;2021;Desconocida;0;0
Rafael Uribe Uribe;2021;Desconocida;8;2,08
Ciudad Bolívar;2021;Desconocida;28;4,31
Sumapaz;2021;Desconocida;0;0
Distrito;2021;Desconocida;306;3,91
Usaquén;2021;Todas las sustancias;291;50,94
Chapinero;2021;Todas las sustancias;102;58,84
Santa Fe;2021;Todas las sustancias;46;42,68
San Cristóbal;2021;Todas las sustancias;120;29,92
Usme;2021;Todas las sustancias;112;28,47
Tunjuelito;2021;Todas las sustancias;87;48,29
Bosa;2021;Todas las sustancias;153;21,16
Kennedy;2021;Todas las sustancias;347;33,53
Fontibón;2021;Todas las sustancias;139;35,32
Engativá;2021;Todas las sustancias;291;35,74
Suba;2021;Todas las sustancias;484;38,64
Barrios Unidos;2021;Todas las sustancias;59;40,17
Teusaquillo;2021;Todas las sustancias;87;51,82
Los Mártires;2021;Todas las sustancias;43;51,54
Antonio Nariño;2021;Todas las sustancias;36;43,8
Puente Aranda;2021;Todas las sustancias;99;39,07
Candelaria;2021;Todas las sustancias;8;44,75
Rafael Uribe Uribe;2021;Todas las sustancias;110;28,65
Ciudad Bolívar;2021;Todas las sustancias;234;36,01
Sumapaz;2021;Todas las sustancias;0;0
Distrito;2021;Todas las sustancias;2.848;36,35
Usaquén;2022;Medicamentos;81;13.98
Chapinero;2022;Medicamentos;27;15.3
Santa Fe;2022;Medicamentos;8;7.43
San Cristóbal;2022;Medicamentos;39;9.66
Usme;2022;Medicamentos;43;10.73
Tunjuelito;2022;Medicamentos;12;6.61
Bosa;2022;Medicamentos;42;5.78
Kennedy;2022;Medicamentos;83;8.02
Fontibón;2022;Medicamentos;35;8.77
Engativá;2022;Medicamentos;95;11.65
Suba;2022;Medicamentos;127;9.97
Barrios Unidos;2022;Medicamentos;12;7.99
Teusaquillo;2022;Medicamentos;28;16.7
Los Mártires;2022;Medicamentos;12;14.43
Antonio Nariño;2022;Medicamentos;10;12.05
Puente Aranda;2022;Medicamentos;27;10.58
Candelaria;2022;Medicamentos;1;5.59
Rafael Uribe Uribe;2022;Medicamentos;51;13.19
Ciudad Bolívar;2022;Medicamentos;60;9.15
Sumapaz;2022;Medicamentos;0;0
Distrito;2022;Medicamentos;793;10.07
Usaquén;2022;Psicoactivas;187;32.27
Chapinero;2022;Psicoactivas;68;38.53
Santa Fe;2022;Psicoactivas;30;27.87
San Cristóbal;2022;Psicoactivas;53;13.13
Usme;2022;Psicoactivas;47;11.73
Tunjuelito;2022;Psicoactivas;27;14.88
Bosa;2022;Psicoactivas;57;7.85
Kennedy;2022;Psicoactivas;139;13.44
Fontibón;2022;Psicoactivas;59;14.79
Engativá;2022;Psicoactivas;114;13.98
Suba;2022;Psicoactivas;270;21.19
Barrios Unidos;2022;Psicoactivas;30;19.98
Teusaquillo;2022;Psicoactivas;62;36.98
Los Mártires;2022;Psicoactivas;28;33.68
Antonio Nariño;2022;Psicoactivas;15;18.08
Puente Aranda;2022;Psicoactivas;35;13.72
Candelaria;2022;Psicoactivas;7;39.16
Rafael Uribe Uribe;2022;Psicoactivas;60;15.52
Ciudad Bolívar;2022;Psicoactivas;85;12.96
Sumapaz;2022;Psicoactivas;0;0
Distrito;2022;Psicoactivas;1373;17.44
Usaquén;2022;Otras sustancias químicas;27;4.66
Chapinero;2022;Otras sustancias químicas;8;4.53
Santa Fe;2022;Otras sustancias químicas;9;8.36
San Cristóbal;2022;Otras sustancias químicas;26;6.44
Usme;2022;Otras sustancias químicas;24;5.99
Tunjuelito;2022;Otras sustancias químicas;13;7.16
Bosa;2022;Otras sustancias químicas;33;4.54
Kennedy;2022;Otras sustancias químicas;67;6.48
Fontibón;2022;Otras sustancias químicas;22;5.51
Engativá;2022;Otras sustancias químicas;33;4.05
Suba;2022;Otras sustancias químicas;58;4.55
Barrios Unidos;2022;Otras sustancias químicas;5;3.33
Teusaquillo;2022;Otras sustancias químicas;5;2.98
Los Mártires;2022;Otras sustancias químicas;8;9.62
Antonio Nariño;2022;Otras sustancias químicas;4;4.82
Puente Aranda;2022;Otras sustancias químicas;15;5.88
Candelaria;2022;Otras sustancias químicas;3;16.78
Rafael Uribe Uribe;2022;Otras sustancias químicas;19;4.91
Ciudad Bolívar;2022;Otras sustancias químicas;50;7.62
Sumapaz;2022;Otras sustancias químicas;0;0
Distrito;2022;Otras sustancias químicas;429;5.45
Usaquén;2022;Plaguicidas;2;0.35
Chapinero;2022;Plaguicidas;0;0
Santa Fe;2022;Plaguicidas;1;0.93
San Cristóbal;2022;Plaguicidas;0;0
Usme;2022;Plaguicidas;7;1.75
Tunjuelito;2022;Plaguicidas;4;2.2
Bosa;2022;Plaguicidas;4;0.55
Kennedy;2022;Plaguicidas;11;1.06
Fontibón;2022;Plaguicidas;7;1.75
Engativá;2022;Plaguicidas;7;0.86
Suba;2022;Plaguicidas;11;0.86
Barrios Unidos;2022;Plaguicidas;1;0.67
Teusaquillo;2022;Plaguicidas;2;1.19
Los Mártires;2022;Plaguicidas;1;1.2
Antonio Nariño;2022;Plaguicidas;0;0
Puente Aranda;2022;Plaguicidas;10;3.92
Candelaria;2022;Plaguicidas;0;0
Rafael Uribe Uribe;2022;Plaguicidas;7;1.81
Ciudad Bolívar;2022;Plaguicidas;9;1.37
Sumapaz;2022;Plaguicidas;0;0
Distrito;2022;Plaguicidas;84;1.07
Usaquén;2022;Solventes;6;1.04
Chapinero;2022;Solventes;0;0
Santa Fe;2022;Solventes;2;1.86
San Cristóbal;2022;Solventes;6;1.49
Usme;2022;Solventes;3;0.75
Tunjuelito;2022;Solventes;1;0.55
Bosa;2022;Solventes;10;1.38
Kennedy;2022;Solventes;5;0.48
Fontibón;2022;Solventes;4;1
Engativá;2022;Solventes;6;0.74
Suba;2022;Solventes;14;1.1
Barrios Unidos;2022;Solventes;0;0
Teusaquillo;2022;Solventes;2;1.19
Los Mártires;2022;Solventes;1;1.2
Antonio Nariño;2022;Solventes;1;1.21
Puente Aranda;2022;Solventes;2;0.78
Candelaria;2022;Solventes;1;5.59
Rafael Uribe Uribe;2022;Solventes;5;1.29
Ciudad Bolívar;2022;Solventes;11;1.68
Sumapaz;2022;Solventes;0;0
Distrito;2022;Solventes;80;1.02
Usaquén;2022;Metales pesados;0;0
Chapinero;2022;Metales pesados;1;0.57
Santa Fe;2022;Metales pesados;0;0
San Cristóbal;2022;Metales pesados;0;0
Usme;2022;Metales pesados;0;0
Tunjuelito;2022;Metales pesados;0;0
Bosa;2022;Metales pesados;1;0.14
Kennedy;2022;Metales pesados;0;0
Fontibón;2022;Metales pesados;0;0
Engativá;2022;Metales pesados;0;0
Suba;2022;Metales pesados;2;0.16
Barrios Unidos;2022;Metales pesados;0;0
Teusaquillo;2022;Metales pesados;0;0
Los Mártires;2022;Metales pesados;0;0
Antonio Nariño;2022;Metales pesados;0;0
Puente Aranda;2022;Metales pesados;0;0
Candelaria;2022;Metales pesados;0;0
Rafael Uribe Uribe;2022;Metales pesados;0;0
Ciudad Bolívar;2022;Metales pesados;1;0.15
Sumapaz;2022;Metales pesados;0;0
Distrito;2022;Metales pesados;5;0.06
Usaquén;2022;Gases;9;1.55
Chapinero;2022;Gases;10;5.67
Santa Fe;2022;Gases;2;1.86
San Cristóbal;2022;Gases;6;1.49
Usme;2022;Gases;21;5.24
Tunjuelito;2022;Gases;29;15.98
Bosa;2022;Gases;39;5.37
Kennedy;2022;Gases;38;3.67
Fontibón;2022;Gases;16;4.01
Engativá;2022;Gases;21;2.58
Suba;2022;Gases;16;1.26
Barrios Unidos;2022;Gases;1;0.67
Teusaquillo;2022;Gases;5;2.98
Los Mártires;2022;Gases;2;2.41
Antonio Nariño;2022;Gases;5;6.03
Puente Aranda;2022;Gases;7;2.74
Candelaria;2022;Gases;0;0
Rafael Uribe Uribe;2022;Gases;13;3.36
Ciudad Bolívar;2022;Gases;11;1.68
Sumapaz;2022;Gases;0;0
Distrito;2022;Gases;251;3.19
Usaquén;2022;Metanol;0;0
Chapinero;2022;Metanol;0;0
Santa Fe;2022;Metanol;19;17.65
San Cristóbal;2022;Metanol;13;3.22
Usme;2022;Metanol;4;1
Tunjuelito;2022;Metanol;1;0.55
Bosa;2022;Metanol;0;0
Kennedy;2022;Metanol;5;0.48
Fontibón;2022;Metanol;1;0.25
Engativá;2022;Metanol;1;0.12
Suba;2022;Metanol;1;0.08
Barrios Unidos;2022;Metanol;3;2
Teusaquillo;2022;Metanol;0;0
Los Mártires;2022;Metanol;9;10.82
Antonio Nariño;2022;Metanol;4;4.82
Puente Aranda;2022;Metanol;1;0.39
Candelaria;2022;Metanol;5;27.97
Rafael Uribe Uribe;2022;Metanol;9;2.33
Ciudad Bolívar;2022;Metanol;6;0.91
Sumapaz;2022;Metanol;0;0
Distrito;2022;Metanol;82;1.04
Usaquén;2022;Desconocida;113;19.5
Chapinero;2022;Desconocida;34;19.27
Santa Fe;2022;Desconocida;28;26.02
San Cristóbal;2022;Desconocida;45;11.15
Usme;2022;Desconocida;20;4.99
Tunjuelito;2022;Desconocida;22;12.12
Bosa;2022;Desconocida;67;9.22
Kennedy;2022;Desconocida;84;8.12
Fontibón;2022;Desconocida;42;10.53
Engativá;2022;Desconocida;76;9.32
Suba;2022;Desconocida;178;13.97
Barrios Unidos;2022;Desconocida;28;18.65
Teusaquillo;2022;Desconocida;31;18.49
Los Mártires;2022;Desconocida;7;8.42
Antonio Nariño;2022;Desconocida;9;10.85
Puente Aranda;2022;Desconocida;32;12.54
Candelaria;2022;Desconocida;4;22.38
Rafael Uribe Uribe;2022;Desconocida;41;10.6
Ciudad Bolívar;2022;Desconocida;65;9.91
Sumapaz;2022;Desconocida;1;26.93
Distrito;2022;Desconocida;927;11.77
Usaquén;2022;Todas las sustancias;425;72.41
Chapinero;2022;Todas las sustancias;148;82.49
Santa Fe;2022;Todas las sustancias;99;91.94
San Cristóbal;2022;Todas las sustancias;188;46.25
Usme;2022;Todas las sustancias;169;41.46
Tunjuelito;2022;Todas las sustancias;109;59.58
Bosa;2022;Todas las sustancias;253;34.67
Kennedy;2022;Todas las sustancias;432;41.73
Fontibón;2022;Todas las sustancias;186;46.01
Engativá;2022;Todas las sustancias;353;43.21
Suba;2022;Todas las sustancias;677;52.3
Barrios Unidos;2022;Todas las sustancias;80;52.17
Teusaquillo;2022;Todas las sustancias;135;81.12
Los Mártires;2022;Todas las sustancias;68;82.08
Antonio Nariño;2022;Todas las sustancias;48;57.19
Puente Aranda;2022;Todas las sustancias;129;50.25
Candelaria;2022;Todas las sustancias;21;114.07
Rafael Uribe Uribe;2022;Todas las sustancias;205;52.67
Ciudad Bolívar;2022;Todas las sustancias;298;45.04
Sumapaz;2022;Todas las sustancias;1;26.14
Distrito;2022;Todas las sustancias;4024;50.89
Usaquén;2023 Isem;Medicamentos;45;7.67
Chapinero;2023 Isem;Medicamentos;23;12.82
Santa Fe;2023 Isem;Medicamentos;5;4.64
San Cristóbal;2023 Isem;Medicamentos;17;4.18
Usme;2023 Isem;Medicamentos;11;2.7
Tunjuelito;2023 Isem;Medicamentos;8;4.37
Bosa;2023 Isem;Medicamentos;20;2.74
Kennedy;2023 Isem;Medicamentos;41;3.96
Fontibón;2023 Isem;Medicamentos;13;3.22
Engativá;2023 Isem;Medicamentos;41;5.02
Suba;2023 Isem;Medicamentos;91;7.03
Barrios Unidos;2023 Isem;Medicamentos;9;5.87
Teusaquillo;2023 Isem;Medicamentos;13;7.81
Los Mártires;2023 Isem;Medicamentos;9;10.86
Antonio Nariño;2023 Isem;Medicamentos;7;8.34
Puente Aranda;2023 Isem;Medicamentos;20;7.79
Candelaria;2023 Isem;Medicamentos;2;10.86
Rafael Uribe Uribe;2023 Isem;Medicamentos;20;5.14
Ciudad Bolívar;2023 Isem;Medicamentos;30;4.53
Sumapaz;2023 Isem;Medicamentos;0;0
Distrito;2023 Isem;Medicamentos;425;5.37
Usaquén;2023 Isem;Psicoactivas;100;17.04
Chapinero;2023 Isem;Psicoactivas;54;30.1
Santa Fe;2023 Isem;Psicoactivas;23;21.36
San Cristóbal;2023 Isem;Psicoactivas;28;6.89
Usme;2023 Isem;Psicoactivas;23;5.64
Tunjuelito;2023 Isem;Psicoactivas;6;3.28
Bosa;2023 Isem;Psicoactivas;29;3.97
Kennedy;2023 Isem;Psicoactivas;54;5.22
Fontibón;2023 Isem;Psicoactivas;27;6.68
Engativá;2023 Isem;Psicoactivas;83;10.16
Suba;2023 Isem;Psicoactivas;182;14.06
Barrios Unidos;2023 Isem;Psicoactivas;19;12.39
Teusaquillo;2023 Isem;Psicoactivas;27;16.22
Los Mártires;2023 Isem;Psicoactivas;11;13.28
Antonio Nariño;2023 Isem;Psicoactivas;17;20.26
Puente Aranda;2023 Isem;Psicoactivas;21;8.18
Candelaria;2023 Isem;Psicoactivas;2;10.86
Rafael Uribe Uribe;2023 Isem;Psicoactivas;33;8.48
Ciudad Bolívar;2023 Isem;Psicoactivas;37;5.59
Sumapaz;2023 Isem;Psicoactivas;0;0
Distrito;2023 Isem;Psicoactivas;776;9.81
Usaquén;2023 Isem;Otras sustancias químicas;13;2.21
Chapinero;2023 Isem;Otras sustancias químicas;4;2.23
Santa Fe;2023 Isem;Otras sustancias químicas;4;3.71
San Cristóbal;2023 Isem;Otras sustancias químicas;13;3.2
Usme;2023 Isem;Otras sustancias químicas;8;1.96
Tunjuelito;2023 Isem;Otras sustancias químicas;4;2.19
Bosa;2023 Isem;Otras sustancias químicas;13;1.78
Kennedy;2023 Isem;Otras sustancias químicas;31;2.99
Fontibón;2023 Isem;Otras sustancias químicas;12;2.97
Engativá;2023 Isem;Otras sustancias químicas;25;3.06
Suba;2023 Isem;Otras sustancias químicas;49;3.79
Barrios Unidos;2023 Isem;Otras sustancias químicas;7;4.56
Teusaquillo;2023 Isem;Otras sustancias químicas;4;2.4
Los Mártires;2023 Isem;Otras sustancias químicas;4;4.83
Antonio Nariño;2023 Isem;Otras sustancias químicas;2;2.38
Puente Aranda;2023 Isem;Otras sustancias químicas;5;1.95
Candelaria;2023 Isem;Otras sustancias químicas;0;0
Rafael Uribe Uribe;2023 Isem;Otras sustancias químicas;12;3.08
Ciudad Bolívar;2023 Isem;Otras sustancias químicas;19;2.87
Sumapaz;2023 Isem;Otras sustancias químicas;0;0
Distrito;2023 Isem;Otras sustancias químicas;229;2.9
Usaquén;2023 Isem;Plaguicidas;5;0.85
Chapinero;2023 Isem;Plaguicidas;0;0
Santa Fe;2023 Isem;Plaguicidas;1;0.93
San Cristóbal;2023 Isem;Plaguicidas;3;0.74
Usme;2023 Isem;Plaguicidas;1;0.25
Tunjuelito;2023 Isem;Plaguicidas;1;0.55
Bosa;2023 Isem;Plaguicidas;3;0.41
Kennedy;2023 Isem;Plaguicidas;16;1.55
Fontibón;2023 Isem;Plaguicidas;2;0.49
Engativá;2023 Isem;Plaguicidas;1;0.12
Suba;2023 Isem;Plaguicidas;9;0.7
Barrios Unidos;2023 Isem;Plaguicidas;2;1.3
Teusaquillo;2023 Isem;Plaguicidas;1;0.6
Los Mártires;2023 Isem;Plaguicidas;0;0
Antonio Nariño;2023 Isem;Plaguicidas;0;0
Puente Aranda;2023 Isem;Plaguicidas;0;0
Candelaria;2023 Isem;Plaguicidas;0;0
Rafael Uribe Uribe;2023 Isem;Plaguicidas;1;0.26
Ciudad Bolívar;2023 Isem;Plaguicidas;10;1.51
Sumapaz;2023 Isem;Plaguicidas;0;0
Distrito;2023 Isem;Plaguicidas;56;0.71
Usaquén;2023 Isem;Solventes;3;0.51
Chapinero;2023 Isem;Solventes;0;0
Santa Fe;2023 Isem;Solventes;1;0.93
San Cristóbal;2023 Isem;Solventes;2;0.49
Usme;2023 Isem;Solventes;3;0.74
Tunjuelito;2023 Isem;Solventes;2;1.09
Bosa;2023 Isem;Solventes;2;0.27
Kennedy;2023 Isem;Solventes;3;0.29
Fontibón;2023 Isem;Solventes;2;0.49
Engativá;2023 Isem;Solventes;1;0.12
Suba;2023 Isem;Solventes;5;0.39
Barrios Unidos;2023 Isem;Solventes;1;0.65
Teusaquillo;2023 Isem;Solventes;0;0
Los Mártires;2023 Isem;Solventes;0;0
Antonio Nariño;2023 Isem;Solventes;0;0
Puente Aranda;2023 Isem;Solventes;0;0
Candelaria;2023 Isem;Solventes;0;0
Rafael Uribe Uribe;2023 Isem;Solventes;3;0.77
Ciudad Bolívar;2023 Isem;Solventes;3;0.45
Sumapaz;2023 Isem;Solventes;0;0
Distrito;2023 Isem;Solventes;31;0.39
Usaquén;2023 Isem;Metales pesados;0;0
Chapinero;2023 Isem;Metales pesados;0;0
Santa Fe;2023 Isem;Metales pesados;0;0
San Cristóbal;2023 Isem;Metales pesados;0;0
Usme;2023 Isem;Metales pesados;0;0
Tunjuelito;2023 Isem;Metales pesados;0;0
Bosa;2023 Isem;Metales pesados;0;0
Kennedy;2023 Isem;Metales pesados;0;0
Fontibón;2023 Isem;Metales pesados;0;0
Engativá;2023 Isem;Metales pesados;0;0
Suba;2023 Isem;Metales pesados;0;0
Barrios Unidos;2023 Isem;Metales pesados;0;0
Teusaquillo;2023 Isem;Metales pesados;0;0
Los Mártires;2023 Isem;Metales pesados;0;0
Antonio Nariño;2023 Isem;Metales pesados;0;0
Puente Aranda;2023 Isem;Metales pesados;0;0
Candelaria;2023 Isem;Metales pesados;0;0
Rafael Uribe Uribe;2023 Isem;Metales pesados;0;0
Ciudad Bolívar;2023 Isem;Metales pesados;0;0
Sumapaz;2023 Isem;Metales pesados;0;0
Distrito;2023 Isem;Metales pesados;0;0
Usaquén;2023 Isem;Gases;7;1.19
Chapinero;2023 Isem;Gases;3;1.67
Santa Fe;2023 Isem;Gases;4;3.71
San Cristóbal;2023 Isem;Gases;31;7.63
Usme;2023 Isem;Gases;5;1.23
Tunjuelito;2023 Isem;Gases;4;2.19
Bosa;2023 Isem;Gases;5;0.69
Kennedy;2023 Isem;Gases;11;1.06
Fontibón;2023 Isem;Gases;17;4.21
Engativá;2023 Isem;Gases;6;0.73
Suba;2023 Isem;Gases;18;1.39
Barrios Unidos;2023 Isem;Gases;9;5.87
Teusaquillo;2023 Isem;Gases;0;0
Los Mártires;2023 Isem;Gases;3;3.62
Antonio Nariño;2023 Isem;Gases;3;3.57
Puente Aranda;2023 Isem;Gases;2;0.78
Candelaria;2023 Isem;Gases;1;5.43
Rafael Uribe Uribe;2023 Isem;Gases;2;0.51
Ciudad Bolívar;2023 Isem;Gases;13;1.96
Sumapaz;2023 Isem;Gases;0;0
Distrito;2023 Isem;Gases;144;1.82
Usaquén;2023 Isem;Metanol;0;0
Chapinero;2023 Isem;Metanol;1;0.56
Santa Fe;2023 Isem;Metanol;2;1.86
San Cristóbal;2023 Isem;Metanol;0;0
Usme;2023 Isem;Metanol;0;0
Tunjuelito;2023 Isem;Metanol;0;0
Bosa;2023 Isem;Metanol;0;0
Kennedy;2023 Isem;Metanol;0;0
Fontibón;2023 Isem;Metanol;0;0
Engativá;2023 Isem;Metanol;1;0.12
Suba;2023 Isem;Metanol;0;0
Barrios Unidos;2023 Isem;Metanol;0;0
Teusaquillo;2023 Isem;Metanol;0;0
Los Mártires;2023 Isem;Metanol;0;0
Antonio Nariño;2023 Isem;Metanol;0;0
Puente Aranda;2023 Isem;Metanol;0;0
Candelaria;2023 Isem;Metanol;0;0
Rafael Uribe Uribe;2023 Isem;Metanol;3;0.77
Ciudad Bolívar;2023 Isem;Metanol;1;0.15
Sumapaz;2023 Isem;Metanol;0;0
Distrito;2023 Isem;Metanol;8;0.1
Usaquén;2023 Isem;Desconocida;53;9.03
Chapinero;2023 Isem;Desconocida;23;12.82
Santa Fe;2023 Isem;Desconocida;10;9.29
San Cristóbal;2023 Isem;Desconocida;30;7.38
Usme;2023 Isem;Desconocida;18;4.42
Tunjuelito;2023 Isem;Desconocida;12;6.56
Bosa;2023 Isem;Desconocida;31;4.25
Kennedy;2023 Isem;Desconocida;41;3.96
Fontibón;2023 Isem;Desconocida;28;6.93
Engativá;2023 Isem;Desconocida;54;6.61
Suba;2023 Isem;Desconocida;108;8.34
Barrios Unidos;2023 Isem;Desconocida;12;7.83
Teusaquillo;2023 Isem;Desconocida;16;9.61
Los Mártires;2023 Isem;Desconocida;8;9.66
Antonio Nariño;2023 Isem;Desconocida;8;9.53
Puente Aranda;2023 Isem;Desconocida;16;6.23
Candelaria;2023 Isem;Desconocida;8;43.46
Rafael Uribe Uribe;2023 Isem;Desconocida;35;8.99
Ciudad Bolívar;2023 Isem;Desconocida;33;4.99
Sumapaz;2023 Isem;Desconocida;0;0
Distrito;2023 Isem;Desconocida;544;6.88
Usaquén;2023 Isem;Todas las sustancias;226;38.5
Chapinero;2023 Isem;Todas las sustancias;108;60.2
Santa Fe;2023 Isem;Todas las sustancias;50;46.44
San Cristóbal;2023 Isem;Todas las sustancias;124;30.5
Usme;2023 Isem;Todas las sustancias;69;16.93
Tunjuelito;2023 Isem;Todas las sustancias;37;20.22
Bosa;2023 Isem;Todas las sustancias;103;14.11
Kennedy;2023 Isem;Todas las sustancias;197;19.03
Fontibón;2023 Isem;Todas las sustancias;101;24.98
Engativá;2023 Isem;Todas las sustancias;212;25.95
Suba;2023 Isem;Todas las sustancias;462;35.69
Barrios Unidos;2023 Isem;Todas las sustancias;59;38.48
Teusaquillo;2023 Isem;Todas las sustancias;61;36.65
Los Mártires;2023 Isem;Todas las sustancias;35;42.25
Antonio Nariño;2023 Isem;Todas las sustancias;37;44.09
Puente Aranda;2023 Isem;Todas las sustancias;64;24.93
Candelaria;2023 Isem;Todas las sustancias;13;70.62
Rafael Uribe Uribe;2023 Isem;Todas las sustancias;109;28
Ciudad Bolívar;2023 Isem;Todas las sustancias;146;22.07
Sumapaz;2023 Isem;Todas las sustancias;0;0
Distrito;2023 Isem;Todas las sustancias;2213;27.99
